Date,ChinaRail_Dif,HongKongPT_Dif,JapanRail_Dif,SaudiPT_Dif,TramsRail_FR_Dif,FirstBus_UK_Dif,Uestra_DE_Dif,FirstGroup_USA_Dif
21/12/2017,-0.686990113,1.167661503,0.892295961,0.762277621,0.411520263,-0.067726093,-1.737746295,1.684675082
27/12/2017,-0.677342696,1.045034478,0.878216466,0.799721198,0.43613305,-0.318637929,-1.711176102,1.720700952
28/12/2017,-0.761436177,0.912444261,0.911609138,0.75163463,0.47840337,-0.334956048,-1.650919891,1.713366472
04/01/2018,-0.86713991,0.956141451,0.834603918,0.791362239,0.46116562,-0.593438553,-1.625275008,1.725266434
09/01/2018,-0.925805543,0.705446061,0.806305223,0.715274239,0.302759259,-0.363655958,-1.902086562,1.783925751
10/01/2018,-0.980552685,0.745736151,0.920340453,0.700732356,0.330431544,-0.218157875,-1.832351075,1.829886595
11/01/2018,-0.891279157,0.848226928,0.887762807,0.787000269,0.353607538,-0.125452461,-1.779880922,1.780370363
16/01/2018,-1.214149343,0.627748866,0.750838102,0.571850172,0.317299766,-0.200252164,-1.627289302,1.763022622
17/01/2018,-1.189718597,0.605638034,0.791102577,0.577265694,0.271230492,-0.043165565,-1.615842146,1.653675096
18/01/2018,-1.042491378,0.566698394,0.729113322,0.562810588,0.270023811,-0.065918487,-1.691133487,1.594190137
22/01/2018,-1.10018309,0.490389834,0.766276177,0.526060049,0.202264457,0.004816651,-1.813052352,1.537962631
23/01/2018,-1.28844453,0.281557335,0.761797896,0.522624761,0.271583187,-0.033156312,-1.937756067,1.474961172
24/01/2018,-1.277696636,0.158078604,0.894829599,0.431067814,0.329198001,0.090550189,-1.85094716,1.444212007
25/01/2018,-1.210792542,0.417013537,0.993712584,0.449362642,0.349241536,0.07089503,-1.783189037,1.408543585
29/01/2018,-1.307926653,0.329188392,0.920968181,0.521537946,0.291224027,-0.170758359,-1.649292286,1.436934371
30/01/2018,-1.309236151,0.314660561,0.978886081,0.544246671,0.359917156,-0.036817645,-1.71586142,1.417058999
31/01/2018,-1.387936748,0.293765124,0.939846184,0.537492138,0.348206736,0.0451979,-1.720447731,1.336343904
01/02/2018,-1.32832792,0.420487673,0.960934027,0.597009296,0.387546645,0.206992627,-1.444939313,1.289392761
05/02/2018,-1.244695988,0.532044877,1.095015234,0.581959932,0.629961865,0.18545107,-1.364471064,1.4893975
06/02/2018,-0.929881419,0.995792607,1.273202144,0.542013816,0.808152886,0.571823964,-1.14706924,1.298397108
07/02/2018,-0.909212042,1.072311987,1.260659372,0.626428419,0.672965314,0.343399379,-1.158266973,1.41164026
08/02/2018,-0.96382858,1.036312297,1.176143726,0.703766568,0.822707425,0.330378582,-1.038340908,1.425084467
13/02/2018,-0.959422589,1.092658925,1.208847064,0.572440545,0.88368481,0.396834478,-1.04612651,1.280161366
14/02/2018,-1.140153453,0.671398595,1.232359767,0.576751126,0.803196373,0.426319715,-1.151646759,1.193836549
15/02/2018,-1.299453166,0.502790457,1.08797656,0.505102662,0.720925276,0.458683055,-1.156335771,1.132862891
20/02/2018,-1.222176743,0.570758456,1.135452701,0.510518666,0.624171901,0.379760488,-1.251142901,1.175834431
21/02/2018,-1.295324474,0.41383545,1.08960212,0.51398706,0.606484902,0.40069773,-1.239496802,0.715793552
22/02/2018,-1.201509461,0.544884159,1.080633404,0.516591031,0.596341063,0.371748316,-1.233757369,0.68082359
26/02/2018,-1.295459607,0.510693383,1.087815271,0.496647429,0.546010535,0.420135444,-1.277324411,0.499752716
27/02/2018,-1.21220835,0.575327793,1.0188255,0.503139377,0.598675876,0.337605757,-1.253036012,0.738702352
28/02/2018,-1.111658713,0.694494277,1.040244433,0.640842101,0.632354205,0.282328337,-1.216324804,0.59573095
01/03/2018,-1.177052918,0.638407955,1.06383945,0.615471455,0.715587841,0.421933947,-1.002042411,0.608238495
05/03/2018,-0.972594988,1.195095899,1.256284823,0.644511783,0.852557372,0.75930697,-0.864463855,0.630671111
06/03/2018,-1.129476346,1.019598234,1.156407939,0.728547534,0.848246995,0.809828354,-0.879849143,0.800052381
07/03/2018,-1.0784995,1.107808235,1.207917544,0.682006749,0.822959309,0.843312089,-0.967806318,0.721292166
08/03/2018,-1.225744473,0.97918011,1.152965031,0.635145968,0.727743049,0.684773499,-1.041528576,0.70314959
12/03/2018,-1.368910367,0.425979043,1.091196734,0.536259522,0.695257369,0.803109915,-1.083550034,0.565032619
13/03/2018,-1.380219933,0.423977901,1.080974507,0.512486161,0.743993255,0.913210462,-0.911166272,0.636973473
14/03/2018,-1.361360212,0.528568054,1.074199397,0.64072083,0.75754246,0.833722623,-0.962709027,0.606753428
15/03/2018,-1.428414497,0.440941764,1.015346607,0.699917241,0.708835338,0.867124849,-1.034832135,0.529230948
19/03/2018,-1.495195764,0.448626807,1.103537332,0.701835429,0.772657544,1.060498742,-0.767205448,0.553619259
20/03/2018,-1.523980271,0.611877059,1.175785516,0.691090411,0.73014238,0.972073743,-0.999168223,0.468968044
22/03/2018,-1.40798753,0.746486648,1.109925152,0.666675557,0.710921867,0.907466538,-0.719255594,0.565747313
26/03/2018,-1.354260997,1.008905713,1.276096684,0.580401084,0.855937576,1.029343439,-0.661371138,0.473216058
27/03/2018,-1.375760984,0.709642564,1.336198458,0.435571211,0.784873178,0.634466085,-0.784166008,0.581015923
28/03/2018,-1.113255304,0.925606665,1.488852282,0.488815197,0.763752751,0.651827125,-0.764017892,0.697943118
29/03/2018,-1.133171194,1.136912358,1.396679611,0.404298297,0.755528652,0.62713384,-0.858292767,0.710707481
03/04/2018,-0.924838264,0.996926936,1.347181335,0.476741939,0.777338711,0.74468921,-0.653948472,0.8949904
04/04/2018,-0.850620394,1.298454186,1.425830439,0.447220307,0.792166858,0.782363321,-0.725060747,0.920288025
09/04/2018,-0.966672158,0.867406105,1.529394169,0.377913598,0.617466793,0.373771289,-0.887948349,1.118397822
10/04/2018,-1.097673703,0.958317178,1.463061656,0.394881206,0.583827823,0.359576887,-0.978634793,1.212622302
11/04/2018,-1.126553906,0.968626772,1.396689451,0.338134926,0.641298354,0.350684762,-0.899409594,1.524300057
12/04/2018,-1.098572002,0.987300253,1.27828495,0.337018364,0.611266929,0.451611048,-0.980376367,1.835412237
16/04/2018,-0.953615219,1.132257035,1.271129101,0.362754796,0.60589369,0.573754855,-0.904042495,1.872723367
17/04/2018,-0.863926818,1.203328588,1.324413841,0.288181502,0.547588543,0.438095513,-0.89264337,1.838441859
18/04/2018,-0.833104714,1.141066451,1.298782545,0.219779521,0.50932693,0.255374437,-0.785157758,1.88890638
19/04/2018,-0.868567821,1.021829694,1.315429326,0.26966828,0.492846612,0.325188557,-0.769498107,1.969986728
23/04/2018,-0.806097886,1.149456973,1.26680086,0.301685295,0.425447158,0.295753099,-0.772822484,1.966776756
24/04/2018,-0.811038334,1.042124401,1.285125197,0.323175218,0.417386247,0.335249002,-0.879489436,2.020042002
25/04/2018,-0.696511111,1.128726351,1.306310301,0.336312799,0.461726166,0.332382769,-0.823792719,1.992127402
26/04/2018,-0.634354258,1.218808477,1.278514916,0.353119949,0.403851775,0.13995501,-0.886173803,1.975911015
02/05/2018,-0.416798221,0.786268582,1.501692184,0.338285951,0.295172602,-0.201419459,-0.795395483,1.968709041
08/05/2018,-0.438247556,0.876519254,1.39857234,0.142794433,0.305646875,-0.129906954,-0.812227998,1.301963378
09/05/2018,-0.522267309,0.839041079,1.386936957,0.218334746,0.287400032,-0.248804649,-0.832864089,1.379314509
10/05/2018,-0.552486674,0.704473085,1.372055228,0.183866949,0.271135094,-0.330646593,-0.886251402,1.403726247
14/05/2018,-0.711665225,0.614364623,1.377425754,0.096338005,0.278707017,-0.438355017,-0.856042621,1.716113256
15/05/2018,-0.592997284,0.72372414,1.427220657,0.085403152,0.260775876,-0.423690765,-0.850912014,1.901277015
16/05/2018,-0.646397562,0.73548229,1.450753827,0.080851828,0.24011497,-0.385274732,-0.786893783,1.95524183
17/05/2018,-0.617777574,0.782719667,1.420869431,0.075245806,0.161982368,-0.218756617,-0.866014479,2.037373406
23/05/2018,-0.540052568,0.687027304,1.551245127,0.065478183,0.317103343,-0.093392482,-0.855460577,1.992915091
24/05/2018,-0.510841632,0.602584022,1.679249593,0.127143924,0.34210339,0.018347109,-0.774018893,1.934920904
29/05/2018,-0.451923447,0.622312814,1.80360997,0.167608001,0.500711099,0.093916438,-0.438761493,1.962441776
30/05/2018,-0.471300135,0.915976479,1.885928127,0.126257814,0.51609909,0.106085862,-0.517193012,1.774915641
31/05/2018,-0.410187311,0.742425168,1.831888145,0.095065722,0.55769451,0.105136304,-0.270035162,0.933474442
04/06/2018,-0.475228359,0.53580463,1.785951036,9.94E-05,0.525198653,0.118269583,-0.125969514,1.039123702
05/06/2018,-0.511371855,0.566773231,1.823150149,-0.032314448,0.542382634,0.217651144,-0.315435972,0.972078269
06/06/2018,-0.567244556,0.520210038,1.875484597,-0.02004809,0.547253557,0.276136418,-0.344159922,0.858312238
07/06/2018,-0.591968338,0.448944135,1.82492811,0.025685541,0.568691347,0.241631415,-0.331436618,0.766046185
11/06/2018,-0.549551454,0.575135753,1.865790181,-0.022827406,0.53198088,0.105775595,-0.097734949,0.624512021
12/06/2018,-0.625774082,0.564071552,1.964618908,0.000318401,0.561492652,0.116640859,0.259692902,0.633841102
13/06/2018,-0.510237694,0.670299516,1.978346742,0.007977762,0.562412396,0.097045802,0.660920652,0.623658503
14/06/2018,-0.476674293,0.634796205,2.039925945,0.005424642,0.453604136,0.003245696,0.159065887,0.578242535
19/06/2018,-0.343070438,1.023633629,2.275447448,0.049835377,0.292989848,0.451706936,1.185662579,0.537530842
20/06/2018,-0.435089902,0.901734682,2.234966747,-0.013713847,0.319311632,0.427570696,0.766140666,0.559458431
21/06/2018,-0.238844952,0.95640028,2.215787783,-0.05308663,0.400203465,0.523167009,1.067231306,0.554587385
25/06/2018,-0.228548461,1.050470964,2.13163283,-0.070556753,0.4463962,0.531126364,0.820807594,0.506033343
26/06/2018,-0.271223804,1.130760832,2.144694691,-0.088594301,0.450088504,0.466247224,0.844882381,0.478473669
27/06/2018,-0.281851947,1.220569115,2.111149069,-0.107768797,0.38412514,0.166216734,1.099962379,0.521682769
28/06/2018,-0.330810986,1.180917959,2.071961802,-0.10143016,0.45820624,0.17761691,0.8830843,0.573404221
03/07/2018,-0.353682697,0.993938789,1.861975447,-0.009280347,0.458885659,0.276166197,1.099608319,0.731187053
05/07/2018,-0.204968699,0.980499875,1.930090084,0.014735853,0.387692876,0.344210678,1.150088593,0.739786867
09/07/2018,-0.291698868,0.895957071,1.796187344,-0.078135009,0.34201719,0.351409699,0.688819836,0.704075153
10/07/2018,-0.242275346,0.839908271,1.6179073,-0.142555633,0.289933466,0.262331921,0.644697534,0.704148758
11/07/2018,-0.19531366,0.94407031,1.70368642,-0.07050811,0.405494229,0.44427371,0.77361268,0.65296782
12/07/2018,-0.195190161,0.954331668,1.722115927,-0.114162696,0.330824521,0.264211374,0.722881472,0.631276376
16/07/2018,-0.154527083,0.764378983,1.654562846,-0.170749038,0.325752251,0.351730011,0.67736122,0.568969336
17/07/2018,-0.06343434,0.865004848,1.796080556,-0.178735555,0.306916099,0.266422426,0.610120485,0.662099148
18/07/2018,-0.026305116,0.883067829,1.799136653,-0.155288282,0.271140109,0.165560647,0.540284398,0.831065803
19/07/2018,-0.101218717,1.02863159,1.741790294,-0.173221658,0.314775662,0.193469577,0.593564578,0.737951236
23/07/2018,0.134910069,0.786275739,1.877149324,-0.117715713,0.370551691,0.303399632,0.68568882,0.777707755
24/07/2018,0.630797599,0.672025091,1.871837128,-0.156576813,0.290177608,0.106750991,0.438482747,0.765981449
25/07/2018,0.472381979,0.599410271,1.839450083,-0.258057629,0.301355544,0.087232476,0.512104404,0.696664327
26/07/2018,0.359132679,0.638695787,1.968433298,-0.221981993,0.223568109,0.172625138,0.358318162,0.730229052
30/07/2018,0.639563958,0.652191004,2.05127724,-0.325839744,0.208236945,-0.037167777,0.365696594,0.821496127
31/07/2018,0.719895541,0.809998864,1.955008786,-0.334186516,0.179386743,-0.074433151,0.360813568,0.70587044
01/08/2018,0.826129419,0.878099174,1.84882308,-0.349855462,0.19796402,0.099812196,0.406601652,0.751637294
02/08/2018,0.906810331,1.054114007,1.825242914,-0.367893549,0.251685884,0.238737547,0.534178947,0.689576407
06/08/2018,0.591292702,1.024599224,1.779326742,-0.436547871,0.228409566,-0.02257318,0.499475168,0.810266489
07/08/2018,0.670816283,0.903920217,1.783113779,-0.387275371,0.165004086,-0.164611065,0.466041957,0.796195528
08/08/2018,0.773290506,0.87292695,1.742910383,-0.3230066,0.192892451,-0.206195858,0.475841977,0.840782777
09/08/2018,0.703534381,0.803170825,1.763580656,-0.32543154,0.192389434,-0.17580735,0.447365608,0.807595104
13/08/2018,0.815804997,0.991708578,1.872817844,-0.151494402,0.321600426,-0.052435613,0.659662584,0.817519282
14/08/2018,1.010425733,1.043328703,1.87882411,-0.12139661,0.334401769,0.13220951,0.914589574,0.821689709
15/08/2018,1.035776309,1.164013201,1.935728518,-0.075061753,0.47548033,0.237705882,1.122109651,0.771077249
16/08/2018,1.098608868,1.053430281,1.795323936,-0.108560327,0.412549104,0.133354283,0.74098407,0.789552389
20/08/2018,0.729834046,0.740040988,1.745610103,-0.149789817,0.368540322,0.117895315,0.678018188,0.839681458
21/08/2018,0.714929836,0.69653633,1.699523657,-0.184577729,0.326944901,0.31005004,0.642437751,0.845360744
22/08/2018,0.656263612,0.878625826,1.664455625,-0.18586599,0.309689361,0.331489158,0.641628377,0.747702283
23/08/2018,0.694806866,0.917169079,1.636713614,-0.179423336,0.311528147,0.364487605,0.655087238,0.719728636
28/08/2018,0.603802602,0.528209286,1.571261029,0.064415806,0.217188134,0.2337107,0.546828433,0.617893696
29/08/2018,0.604649381,0.509988739,1.527138061,0.026483676,0.19371117,0.31721083,0.523911201,0.512538624
30/08/2018,0.589793313,0.58093347,1.552190652,0.067969036,0.227145357,0.390492912,0.569023174,0.689100322
04/09/2018,0.79593567,0.763532439,1.564857711,0.079460508,0.42162938,0.55879066,0.759018277,0.598386889
05/09/2018,0.981924149,0.545217493,1.601083897,0.107077886,0.540135988,0.715623336,0.872568386,0.66224067
06/09/2018,1.152880368,0.802283934,1.487452359,0.138463883,0.563671181,0.78602691,0.929567505,0.93050206
10/09/2018,1.244934427,0.964352496,1.531221851,0.113520002,0.526616249,0.830362307,0.908770715,1.056070802
11/09/2018,1.327185803,0.836560364,1.51786202,0.08002089,0.506271044,0.81134291,0.919520557,1.033820524
12/09/2018,1.40617417,0.858348379,1.555630498,0.080997808,0.436816724,0.687012155,0.878026923,0.949486996
13/09/2018,1.380065039,0.670170228,1.678155759,0.119521653,0.442577925,0.634473768,0.862474405,0.893618222
18/09/2018,1.7512101,0.106113039,1.5846336,0.182431214,0.391327652,0.587271869,1.074679135,0.858235119
19/09/2018,1.774900597,0.438771416,1.613748496,0.150323786,0.34829544,0.529524542,0.75312533,0.881788102
20/09/2018,1.688406054,0.298047111,1.586057384,0.092392901,0.265177561,0.504173232,0.961757449,0.820889376
26/09/2018,1.564459024,0.263181909,1.731075802,-0.068867387,0.177331877,0.135155846,0.360986163,0.762612992
27/09/2018,1.802640601,0.291628318,1.746251902,-0.06675481,0.137561211,0.084243602,0.327740433,0.70510335
02/10/2018,1.844350821,0.457273448,1.574510981,-0.079430583,0.241757424,0.082196922,0.681761567,0.6227371
04/10/2018,2.119071464,0.356601008,1.528305838,-0.037582315,0.323712118,0.329239673,0.71081998,0.678034829
09/10/2018,2.388834106,0.664806169,1.718090576,-0.088297909,0.456328477,0.66694058,0.63435591,0.666274725
10/10/2018,2.488035349,0.659139286,1.805194608,0.079197113,0.617722778,0.798875941,0.811433695,0.813601616
11/10/2018,2.224186257,0.738184985,1.820629109,-0.00559064,0.761186638,0.894053144,0.927258413,0.874197622
15/10/2018,2.231158217,0.687956051,1.59453954,0.048363053,0.777422813,0.69313628,0.877215727,0.749696911
16/10/2018,1.930787125,0.683121468,1.479184523,-0.174022,0.665381771,0.721295302,0.768589145,0.777465323
18/10/2018,1.932954068,0.685288411,1.564394757,-0.103158991,0.596778887,0.666481489,0.89390555,0.83258531
22/10/2018,1.889117305,0.488916833,1.569973398,-0.223765816,0.68798644,0.341366826,0.937298828,0.667590861
23/10/2018,1.839378304,0.715646473,1.515320571,-0.127486803,0.811004773,0.475019194,1.10457006,0.690235597
24/10/2018,1.752178319,0.742848277,1.603074944,-0.040850137,0.831982082,0.172369218,1.159857017,0.820480097
25/10/2018,1.738145766,0.814616523,1.648376543,-0.070884066,0.718173813,0.280927499,1.08260265,0.771570865
29/10/2018,1.751290281,0.865894066,1.815824746,-0.030166741,0.779883625,0.389738222,1.318645309,0.832268293
30/10/2018,1.767293398,0.627156563,1.605419731,-0.087321472,0.795430168,0.444440479,1.095800865,0.847168441
31/10/2018,1.913899528,0.516360835,1.667483336,-0.093299641,0.630328129,0.186964544,0.988692429,0.745813129
01/11/2018,2.182126044,0.212273251,1.730607751,-0.073869275,0.641334183,0.204491424,0.872619043,0.696922263
05/11/2018,2.036409981,0.248000858,1.488224883,-0.079695323,0.618905349,0.234881878,0.548929486,0.571656649
06/11/2018,2.088833925,0.195557217,1.491644707,-0.018467022,0.65654959,0.415429844,0.556033554,0.554384716
07/11/2018,2.138521074,0.188044014,1.5475353,-0.038825607,0.566390868,0.284800608,0.492646327,0.42793496
08/11/2018,2.039758241,0.165547776,1.44618513,-0.011256985,0.575715286,0.31621865,0.527282821,0.490208436
12/11/2018,2.197344913,0.45363243,1.703060683,0.02162579,0.679682088,0.362196311,0.66232543,0.482043017
13/11/2018,2.028523472,0.408744815,1.671597722,0.016576646,0.618244481,0.335839439,0.56414101,0.831677193
14/11/2018,2.181838562,0.568621962,1.668320798,-0.011256985,0.66565863,0.185342286,0.604068809,0.798218527
15/11/2018,2.255855572,0.442436384,1.756399576,-0.018987094,0.716276798,0.340317704,0.643442001,0.558907764
19/11/2018,2.189870158,0.245955087,1.77317654,0.045433799,0.785486975,0.454739985,0.716441767,0.648797889
20/11/2018,2.282115844,0.395401125,2.063627693,0.081301839,0.872499207,0.448582599,0.835597394,0.719536816
21/11/2018,2.17852184,0.358541136,2.002980008,0.138048366,0.79978334,0.322526974,0.997204582,0.864867519
26/11/2018,1.72155771,0.244780205,2.076431275,0.180054223,0.771794652,0.401668285,0.591736786,0.995400196
27/11/2018,1.810254435,0.257209794,2.042147302,0.215257382,0.788792019,0.399791367,0.622246062,1.030009586
28/11/2018,1.787970958,0.219140492,1.967274542,0.122179081,0.78866223,0.54069718,0.629089483,0.900888767
29/11/2018,1.776785133,0.042295875,1.929438401,0.13047823,0.755601974,0.468707372,0.629523893,0.876699215
03/12/2018,1.485502481,-0.042223214,2.043401481,0.08879178,0.687023901,0.477580244,0.237144331,0.887337113
04/12/2018,1.596932698,-0.003779175,1.914319177,0.131101667,0.74639191,0.118226816,0.201791726,0.966080187
06/12/2018,1.573605949,0.125119538,2.133568157,0.077860633,1.080015385,0.663730219,0.674942376,0.819031203
10/12/2018,1.753902147,0.238681178,2.326518918,0.133006054,1.134728552,0.568587659,0.495292357,0.64295555
11/12/2018,1.662678782,0.233259155,2.24234011,0.094713669,1.043032012,0.31379899,0.389308161,0.60088794
12/12/2018,1.851083218,0.11659396,2.170347933,0.074667234,0.894683197,0.254465225,0.289691822,0.75553032
13/12/2018,1.984977787,0.082167417,2.108500821,0.019985336,0.912686599,0.111718736,0.2928555,0.74390071
17/12/2018,1.974169599,0.204827802,2.379871838,0.020603566,1.05212702,0.123776686,0.394866645,0.752869247
18/12/2018,1.993913553,0.281771567,2.325616644,-0.003098561,1.1179178,0.179932482,0.415811069,0.802220372
19/12/2018,1.922337379,0.267396286,2.355883478,0.041965845,1.084339793,-0.168188797,0.398873665,0.833748852
20/12/2018,1.818721346,0.335381854,2.511492122,0.087932308,1.206453116,-0.069774517,0.502630941,0.961002721
27/12/2018,1.821247465,0.255078779,2.728997277,0.026048424,1.341296222,0.245596988,0.65620945,0.825587577
07/01/2019,1.835348967,0.63863157,2.833246196,-0.15919808,1.168076447,0.206123352,0.717199003,1.090890252
08/01/2019,1.900443192,0.325050265,2.665701506,-0.162312189,1.090345838,0.133917188,0.679624855,1.114066735
09/01/2019,1.840345321,0.099603429,2.688279237,-0.185046669,1.032428652,0.007234304,0.619863152,1.172857275
10/01/2019,1.833263742,0.143469568,2.876934242,-0.211115411,1.043807936,-0.085652747,0.600952941,1.172004954
15/01/2019,1.851312524,0.117133162,2.656205732,-0.210546175,1.071811356,0.074002544,0.95240525,1.126801575
16/01/2019,1.783459839,-0.084496908,2.640469608,-0.239010506,1.036508918,0.277150881,0.926016007,1.101595235
17/01/2019,1.719764161,-0.043325543,2.651515345,-0.252589154,1.060029378,0.396739848,0.934457925,1.071988712
22/01/2019,1.53514068,-0.294991448,2.631922012,-0.168930145,0.983649972,0.19230171,0.233211397,1.099319911
23/01/2019,1.524834011,-0.114320784,2.63785404,-0.204154294,0.993922897,0.286600097,0.245633554,1.084463803
24/01/2019,1.407331714,-0.146022823,2.592951259,-0.229946336,0.948548881,0.29338702,0.206407995,1.110101197
28/01/2019,1.32682595,-0.274195818,2.490270197,-0.183595406,0.924669223,0.435334059,0.15280707,1.037456647
29/01/2019,1.530222584,-0.261467568,2.583931523,-0.213901332,0.867772104,0.252915911,0.402121357,0.997657562
30/01/2019,1.498973478,-0.292716673,2.639922231,-0.268968156,0.800846903,-0.046844262,-0.083042727,1.021329473
31/01/2019,1.386151589,-0.376938116,2.610354911,-0.271896902,0.775041466,-0.256952445,0.432711636,1.046995428
04/02/2019,1.429933029,-0.087950191,2.731698054,-0.341167619,0.76430902,-0.186885964,1.195425328,1.142299229
12/02/2019,1.35995435,-0.441268923,2.742570282,-0.286875862,0.683618535,-0.116854259,-0.045863794,0.974005784
13/02/2019,1.36357888,-0.472496933,2.593109658,-0.354930554,0.657871327,-0.209536175,0.43664484,1.000961125
14/02/2019,1.496402709,-0.454074351,2.580293968,-0.367918746,0.674753638,-0.29435322,-0.02158846,1.047032945
19/02/2019,1.601390438,-0.396753853,2.756722384,-0.215706735,0.533947983,0.006585374,-0.168364049,1.056330578
20/02/2019,1.616354222,-0.47712399,2.832538617,-0.190633482,0.483042176,0.005171445,-0.230413425,0.972378144
21/02/2019,1.564717414,-0.509694014,2.839802019,-0.195275969,0.482812766,0.041263773,-0.244668594,0.972528009
25/02/2019,1.500731151,-0.602280724,2.819827265,-0.169427649,0.431461469,-0.064954268,-0.299593651,0.920179092
26/02/2019,1.753564607,-0.428685538,2.880991435,-0.133392085,0.421590537,-0.084837245,-0.323273877,0.873795596
27/02/2019,1.576539776,-0.182649651,2.882523858,-0.156033614,0.44080062,0.027507348,-0.287513144,0.8284524
28/02/2019,1.630535673,-0.14772108,2.891499795,-0.159645228,0.41899056,0.095820708,0.203577856,0.796745581
04/03/2019,1.586450156,-0.178991837,2.726539536,-0.125286945,0.352840582,0.029704956,0.152056872,0.871279954
05/03/2019,1.60495255,-0.179556768,2.726227753,-0.135659396,0.337107425,-0.077020141,0.133273391,0.875991026
06/03/2019,1.678923391,-0.261400757,2.757099901,-0.102588175,0.349621831,-0.27985952,0.15542175,0.898983293
07/03/2019,1.665686902,-0.188836446,2.86938724,-0.126538353,0.37963662,-0.301528372,0.202132873,0.911856004
11/03/2019,1.323840006,-0.111213006,2.998100872,-0.187242616,0.382452677,-0.119757819,0.184954421,0.833708626
12/03/2019,1.444800549,-0.22858862,2.948281116,-0.174659784,0.376288782,-0.193610482,0.197871739,0.833874288
13/03/2019,1.343214083,-0.31767029,2.92589399,-0.297965432,0.324377641,-0.211086152,0.165602614,0.788393671
14/03/2019,1.349929238,-0.330021919,2.974581215,-0.339142006,0.262020991,-0.285301436,0.155528883,0.845849824
18/03/2019,1.355254244,-0.48676485,2.961204678,-0.363184328,0.17143081,-0.35403975,-0.095032688,0.848714746
19/03/2019,1.262889033,-0.865751684,2.872939772,-0.366297362,0.152652186,-0.592302861,-0.488913296,0.867895787
20/03/2019,1.074931792,-0.462017671,2.936099995,-0.346271687,0.214778724,-0.72759811,-0.365482817,0.843069666
25/03/2019,1.203804253,-0.358774592,2.888525112,-0.402739093,0.195829058,-0.912130649,-0.193408908,0.817467397
26/03/2019,1.134358245,-0.67342607,3.098933724,-0.40837605,0.128673747,-0.835967152,-0.242126807,0.820622363
27/03/2019,1.012739581,-0.718777598,3.281808454,-0.433505849,0.137495147,-0.799215682,-0.241832193,0.86083583
28/03/2019,1.009072303,-0.731977997,3.231664752,-0.472655466,0.144248352,-0.811025527,-0.247932872,0.798215144
01/04/2019,0.597237399,-0.650737612,3.260269935,-0.529712307,-0.012347287,-0.882995246,-0.315720844,0.783166198
02/04/2019,0.360357971,-0.668348209,3.038263857,-0.537063812,-0.038123959,-1.053557574,-0.568429515,0.816210846
03/04/2019,0.439816015,-1.011951425,2.923961311,-0.57147826,-0.103411722,-1.091763267,-0.701953977,0.856706231
04/04/2019,0.329956069,-0.997877002,2.787991383,-0.640308019,-0.096069207,-1.015660711,-0.724436146,0.775328443
08/04/2019,0.261769249,-0.916500613,2.763784433,-0.664073429,-0.107534783,-1.000518784,-0.707974307,0.870966368
09/04/2019,0.172452252,-0.878602213,2.625077454,-0.650588001,-0.05673,-1.032175516,-0.938516233,0.96339785
10/04/2019,0.240315464,-0.867940437,2.597212852,-0.688429237,-0.07606917,-0.888898006,-0.934732188,1.039552935
11/04/2019,0.147450163,-0.910165818,2.613692511,-0.682884211,-0.127564286,-0.866458847,-0.638107626,1.049738377
15/04/2019,0.098325199,-0.96257181,2.491554934,-0.695559188,-0.160624542,-0.982587673,-0.695019863,1.061266931
16/04/2019,-0.010452031,-1.173244545,2.412985549,-0.701787081,-0.189274098,-0.925574168,-0.749229615,1.054920589
17/04/2019,0.048207583,-1.050823536,2.334837559,-0.740125552,-0.23872838,-0.895092682,-0.732843787,1.14757274
18/04/2019,-0.058953736,-1.005449499,2.340862349,-0.742649475,-0.263570577,-0.998537898,-0.779213261,1.149024624
23/04/2019,-0.21148252,-0.763518011,2.472833095,-0.792668991,-0.279820783,-1.05045651,-0.787989642,1.089755011
24/04/2019,-0.157702479,-0.719271091,2.442062668,-0.786938276,-0.257363886,-0.929124247,-0.329903977,1.124179454
25/04/2019,-0.171534651,-0.647303005,2.54876239,-0.826991564,-0.230941078,-0.917225314,-0.819489241,1.158908864
07/05/2019,-0.195299937,-0.836726069,1.99109587,-0.856686197,0.001704234,-0.307650041,-0.768812847,1.718487597
08/05/2019,-0.179957163,-0.796063945,2.03234235,-0.842702996,-0.029675087,-0.390920683,-0.775457452,1.750229585
09/05/2019,0.014595544,-0.541030329,1.946660934,-0.803774608,0.120368694,-0.305157574,-0.689330906,1.730079966
14/05/2019,-0.056197941,-0.548370355,2.103788002,-0.83422309,0.0798656,-0.407261836,-0.597813849,1.850448175
15/05/2019,-0.08789823,-0.589604307,2.085048679,-0.859850393,0.03258124,-0.615178921,-0.670024492,1.747117868
16/05/2019,-0.118286254,-0.409948213,2.140183625,-0.913886344,-0.073526019,-0.674942348,-0.811033864,1.667912741
20/05/2019,0.104536485,-0.272926273,2.188410221,-0.907915277,0.055095664,-0.539320008,-0.631039329,1.651336598
21/05/2019,0.026781113,-0.29676178,2.243776348,-0.905760848,0.016488884,-0.567866738,-0.699389931,1.57810512
22/05/2019,-0.063175041,-0.310450797,2.100091481,-0.916815572,0.025799271,-0.580317661,-0.716294019,1.53220713
23/05/2019,-0.025629743,-0.187104699,2.203529367,-0.848519989,0.16604438,-0.616584666,-0.571585305,1.595357578
28/05/2019,-0.069928921,-0.584759447,2.30181557,-0.829858166,0.121044295,-0.606133411,-0.621513672,1.674628272
29/05/2019,-0.045397723,-0.420198298,2.337322282,-0.817090239,0.251174329,-0.43952499,-0.494926047,1.670385394
30/05/2019,0.112500072,-0.325751935,2.400943822,-0.837614225,0.212682605,-0.646129584,-0.537918231,1.827274813
03/06/2019,0.289029489,-0.263624306,2.55412193,-0.836306056,0.223386989,-0.60916774,-0.464824398,1.707185065
04/06/2019,0.326229316,-0.22642448,2.44008202,-0.85200246,0.193121266,-0.501359739,-0.584134192,1.615358062
05/06/2019,0.240918109,-0.264068455,2.376372304,-0.825841518,0.159011478,-0.604040051,-0.590582399,1.539850384
06/06/2019,0.116419022,-0.283699958,2.397739356,-0.883396075,0.178508498,-0.721513565,-0.572073281,1.435341987
11/06/2019,0.370985583,-0.575819602,2.263458999,-0.730102296,-0.008303277,-0.896519586,-0.707644367,1.115713022
12/06/2019,0.6777595,-0.440647827,2.259630328,-0.715400305,0.039872765,-0.83622791,-0.680800464,1.095499353
13/06/2019,0.605356311,-0.376300942,2.259842922,-0.713722968,0.038852698,-0.810091105,-0.716501098,1.059279215
17/06/2019,0.51947679,-0.236350589,2.283733295,-0.801208862,0.01684059,-0.659129444,-0.660826766,1.064285845
18/06/2019,0.471729697,-0.312698129,2.181109556,-0.790167136,-0.153821302,-0.786195465,-0.825335414,0.978956009
19/06/2019,0.359818229,-0.510410938,2.151281383,-0.789378963,-0.16635044,-0.707283238,-0.809803146,0.988740796
20/06/2019,0.261916552,-0.608312615,2.106240221,-0.736589818,-0.190947793,-0.787076691,-0.841148578,0.997095698
24/06/2019,0.062702614,-0.597791385,2.029135073,-0.610172003,-0.171034047,-0.882163133,-0.787086461,0.935740388
25/06/2019,0.030690119,-0.505868429,2.010083378,-0.575375097,-0.160775153,-0.824074185,-0.756229004,0.967088007
26/06/2019,0.030104969,-0.515987783,1.992538309,-0.631334949,-0.140876139,-0.820498021,-0.767520389,0.955894776
27/06/2019,-0.072641611,-0.507304722,1.953869267,-0.701280654,-0.13066004,-0.674489132,-0.784718438,0.943427767
02/07/2019,-0.210812279,-0.336815919,1.820814519,-0.688243991,-0.250215479,-0.888788277,-0.955755643,0.964883999
03/07/2019,-0.224139162,-0.210112783,1.86661745,-0.732905507,-0.310546729,-0.954411904,-1.015638196,0.9929779
08/07/2019,-0.162801955,-0.183937469,1.816125996,-0.740985687,-0.26798877,-0.860102397,-0.966986929,1.047439557
09/07/2019,-0.188052431,0.058056997,1.768256609,-0.683592588,-0.243434212,-0.854001929,-0.895438679,1.124751608
10/07/2019,-0.203370259,0.033205506,1.846685757,-0.680629909,-0.236953914,-0.871169726,-0.853202956,1.067455749
11/07/2019,-0.238609255,-0.030633936,1.834654493,-0.661461629,-0.214482986,-0.821926481,-0.825582995,1.123497624
16/07/2019,-0.158648216,-0.083428394,1.82700437,-0.70052132,-0.304181486,-1.029357078,-0.891706023,1.229117769
17/07/2019,-0.102309101,-0.0759937,1.912980394,-0.691074876,-0.242873667,-0.951425608,-0.831543226,1.250087151
18/07/2019,-0.094685365,-0.039027203,1.877606617,-0.698251758,-0.212470915,-0.843953072,-0.755833789,1.275549197
22/07/2019,-0.108397752,-0.013616271,1.907015574,-0.675722107,-0.236135194,-0.90009341,-0.797006679,1.352674785
23/07/2019,-0.125383624,-0.04038216,1.910267987,-0.683753223,-0.309612954,-0.893885475,-0.931688042,1.355323079
24/07/2019,-0.151342969,-0.056561487,1.874617803,-0.659998256,-0.291954719,-0.669718304,-0.953193606,1.379856675
25/07/2019,-0.190655259,-0.318236628,1.832855479,-0.583388621,-0.251982706,-0.602912126,-0.845637042,1.494622967
29/07/2019,-0.131759176,-0.24157576,1.919511756,-0.615384671,-0.285101191,-0.992542717,-0.882675528,1.493671746
30/07/2019,-0.162589817,-0.252844742,1.88585635,-0.600867851,-0.155746379,-0.841162057,-0.70191212,1.509424945
31/07/2019,-0.146964992,-0.149191635,1.89823663,-0.558475685,-0.166996576,-0.726463234,-0.729873077,1.558322331
01/08/2019,-0.136263386,-0.210548844,1.825212811,-0.533562155,-0.222327816,-0.91284665,-0.772758128,1.606584302
05/08/2019,0.173281123,0.307986639,1.840655921,-0.422174169,0.231497935,-0.510257292,-0.374987829,1.644613203
06/08/2019,0.124686639,0.357200453,1.882783462,-0.397194635,0.241411662,-0.38190431,-0.314416752,1.585270175
07/08/2019,0.060156913,0.230393555,2.001478527,-0.305166284,0.195635653,-0.501663253,-0.36939603,1.639934413
08/08/2019,0.12318376,0.256092401,1.95838313,-0.344178795,0.021136936,-0.526026086,-0.500010273,1.617226735
13/08/2019,0.27112441,0.431579951,1.929693104,-0.31382515,0.056898895,-0.514517054,-0.436274865,1.647192911
14/08/2019,0.196761413,0.425683034,1.872150268,-0.259717077,0.217489209,-0.486292057,-0.26404679,1.758422353
15/08/2019,0.122897172,0.371380994,1.942044788,-0.316464352,0.238135383,-0.381301385,-0.21053928,2.050199355
19/08/2019,-0.091178397,0.147524324,1.889696722,-0.267198557,-0.239950507,-0.384744152,-0.41302317,2.052743704
20/08/2019,0.033361681,0.164474462,1.860473949,-0.270996803,-0.201272168,-0.369061784,-0.370084552,2.120358941
21/08/2019,-0.016584267,0.153652375,1.759224387,-0.254580698,-0.331790164,-0.562901388,-0.471540436,2.171637814
22/08/2019,0.006502951,0.215863454,1.805694605,-0.232098016,-0.263930488,-0.464875974,-0.43420799,2.111745635
27/08/2019,-0.012524969,0.50543114,1.852978017,-0.334427426,-0.262263584,-0.6237376,-0.422822537,2.287151415
28/08/2019,0.010913322,0.458607559,1.895109207,-0.230958064,-0.235984595,-0.532046046,-0.403423697,2.288134875
29/08/2019,-0.004046725,0.312902635,1.908850466,-0.139365357,-0.352609623,-0.572283876,-0.495642006,2.225232094
03/09/2019,-0.023139222,0.351404048,1.717317808,0.09595138,-0.375741419,-0.880515381,-0.54379158,2.327046789
04/09/2019,-0.205125142,0.071609288,1.705050135,0.045593027,-0.470569717,-0.961062148,-0.620169289,2.317331845
05/09/2019,-0.154055975,0.073774035,1.697841391,0.111693248,-0.558645512,-0.809121554,-0.688225929,2.239655416
09/09/2019,-0.141995685,0.224902724,1.684262549,0.254192655,-0.552295002,-0.624897122,-0.75466317,2.128395106
10/09/2019,-0.14263638,0.224262029,1.576781851,0.2064557,-0.558415401,-0.618341731,-0.783166322,2.14766352
11/09/2019,-0.256701033,0.090635717,1.587515125,0.230837668,-0.594119832,-0.559227279,-0.843610668,2.173510703
12/09/2019,-0.187717674,0.110714114,1.678871864,0.381997017,-0.629752003,-0.584582067,-0.877846068,2.119230914
17/09/2019,-0.221494242,0.260227034,1.840946413,0.177242277,-0.59045559,-0.439069549,-0.852667946,2.116720963
18/09/2019,-0.25046471,0.20446198,1.821739407,0.225606445,-0.5978409,-0.440128712,-0.864046213,2.193844029
19/09/2019,-0.248552574,0.284621297,1.919940856,0.188075112,-0.653057084,-0.562813922,-0.909586716,2.139935738
24/09/2019,-0.244625211,0.337452539,1.965133237,0.19358123,-0.608875718,-0.585071176,-0.808880107,2.361304753
25/09/2019,-0.24808556,0.102212176,2.013603073,0.254611458,-0.54489496,-0.466956344,-0.76006814,2.313369148
26/09/2019,-0.333919081,0.338735597,2.008023196,0.265168803,-0.597725844,-0.722310436,-0.796431167,2.423535346
30/09/2019,-0.416534264,0.390503384,1.944149904,0.293528587,-0.679939414,-0.841854598,-0.889773063,2.503505054
02/10/2019,-0.422160386,0.206686085,2.004215345,0.324556355,-0.313528589,-0.454223156,-0.553417183,2.350724753
08/10/2019,-0.38019625,0.248650221,2.106956017,0.550360531,-0.362164152,-0.58787605,-0.583485517,2.205983372
09/10/2019,-0.389466422,0.307845587,2.149565512,0.52517178,-0.423256593,-0.613452444,-0.666472131,2.09633845
10/10/2019,-0.386746681,0.300784768,2.102134583,0.454419943,-0.523702272,-0.632676039,-0.713257071,2.006317832
15/10/2019,-0.532249122,-0.120719315,1.991994488,0.175420625,-0.71479566,-0.556572966,-1.024702007,2.226875956
16/10/2019,-0.596885045,0.163797373,2.068996265,0.188569779,-0.70739632,-0.446855772,-1.051673293,2.219246838
17/10/2019,-0.60954162,0.112016937,1.882052069,0.136151774,-0.673157445,-0.450285464,-1.041532278,2.289731038
21/10/2019,-0.604363174,-0.117133279,1.814980749,0.20342788,-0.63764033,-0.293685316,-1.103748885,2.231116953
23/10/2019,-0.589026395,0.059381735,1.867879248,0.167425386,-0.644953379,-0.288790926,-1.137349328,2.097780474
24/10/2019,-0.546431007,-0.005612276,1.820799921,0.082896858,-0.689336092,-0.435831844,-1.186789066,2.068479195
28/10/2019,-0.602002183,-0.031841233,1.76199616,0.138486915,-0.755773008,-0.402612159,-1.233353208,2.099571121
29/10/2019,-0.562846846,-0.002466997,1.629486519,0.203523261,-0.76952356,-0.252356648,-1.231955258,2.111622552
30/10/2019,-0.578286913,0.030996815,1.70876024,0.223176135,-0.8064922,-0.321438583,-1.212295772,2.117593357
31/10/2019,-0.674813685,-0.036187197,1.602602537,0.317778221,-0.754752941,-0.206270533,-1.183237359,2.065085429
05/11/2019,-0.599707061,-0.188589051,1.614734318,0.227923301,-0.922901148,-0.255104867,-1.371680346,1.964297996
06/11/2019,-0.679427236,-0.190062045,1.612951714,0.184790087,-0.951421617,-0.310002854,-1.330663381,1.948658297
07/11/2019,-0.675101337,-0.168722121,1.583890441,0.147468183,-0.986263833,-0.297069508,-1.403957762,1.93613596
11/11/2019,-0.670607767,0.09007465,1.559426438,0.137394144,-0.990329366,-0.161838974,-1.343025439,1.954107229
12/11/2019,-0.660698444,0.051079012,1.489502348,0.145312556,-1.027585645,-0.215270473,-1.399977524,2.033845024
13/11/2019,-0.658822177,0.18988798,1.510385112,0.098476803,-0.994413936,-0.276736948,-1.364230509,1.989166404
14/11/2019,-0.608736965,0.061780931,1.521257754,0.082479018,-0.98577915,-0.180537559,-1.330891365,0.995869692
18/11/2019,-0.660295354,0.224990017,1.524925877,0.181011202,-1.027029404,-0.273091605,-1.34880472,1.421672226
19/11/2019,-0.746962819,0.108979791,1.522078868,0.216595531,-0.997229993,-0.248824764,-1.358243495,1.482389085
20/11/2019,-0.75803236,0.232295047,1.57984223,0.190201362,-0.975649343,-0.186030813,-1.316114251,1.487441124
21/11/2019,-0.697891511,0.351121145,1.601375618,0.176634213,-0.957229917,-0.146542687,-1.302441779,1.48649587
25/11/2019,-0.591487787,0.005466802,1.578005603,0.169921488,-1.019945765,-0.355845291,-1.375187431,1.396084835
26/11/2019,-0.647494576,0.027706652,1.599256962,0.352013437,-1.026785261,-0.409966939,-1.368477925,1.617662636
27/11/2019,-0.688103573,0.016440416,1.543957679,0.381047077,-1.022790586,-0.421040156,-1.402359265,1.606398556
02/12/2019,-0.691662443,0.093677847,1.39857734,0.558392185,-0.821496532,-0.224585628,-1.186703943,1.574593568
03/12/2019,-0.676646468,0.108693822,1.376526272,0.611551182,-0.735978621,-0.085411413,-1.203166436,1.535029841
04/12/2019,-0.682048403,0.201100456,1.449661155,0.519958687,-0.840088542,-0.063266971,-1.304361674,1.41893224
05/12/2019,-0.735252359,0.487267941,1.382215105,0.506761334,-0.84277481,0.064945536,-1.246987591,1.428529922
09/12/2019,-0.715500676,0.21145639,1.387831379,0.47441383,-0.894068579,-0.098934151,-1.084597379,1.392626143
10/12/2019,-0.728508469,0.227791088,1.31426676,0.454086662,-0.909556893,-0.025133271,-1.061258149,1.343935875
11/12/2019,-0.748080367,0.169095869,1.348776017,0.437461509,-0.928019815,-0.084160019,-0.802038576,1.288956153
12/12/2019,-0.77763455,0.071075607,1.362481523,0.429638421,-0.961611853,0.008243626,-1.368926927,1.244654457
16/12/2019,-0.873197745,-0.139310454,1.229819995,0.384662112,-1.115923918,-0.398979635,-0.899056791,1.682494186
17/12/2019,-0.781701962,-0.167732804,1.208705105,0.285586415,-1.082302414,-0.317385665,-0.948095697,1.457344515
18/12/2019,-0.812647895,-0.179117078,1.284991077,0.377101035,-1.069860269,-0.359294013,-1.007524454,1.50494067
19/12/2019,-0.838017914,-0.15558376,1.241136703,0.307687807,-1.088078348,-0.44943787,-0.897344239,1.541685117
23/12/2019,-0.936258443,-0.383111047,1.32195829,0.256558062,-1.170105303,-0.604626863,-0.827696024,1.700192768
30/12/2019,-0.944754491,-0.169606695,1.280536239,0.427992595,-1.102360682,-0.544179367,-0.715413211,1.766346116
06/01/2020,-0.830528539,-0.209326929,1.263200617,0.45908555,-1.147432326,-0.628247826,-0.272041326,1.501397273
07/01/2020,-0.877038908,-0.236275638,1.28179598,0.486814661,-1.145651068,-0.669632869,-0.597219607,1.481844503
08/01/2020,-0.928594078,-0.170460308,1.290420088,0.471107624,-1.172447106,-0.63008881,-0.659663545,1.321569034
09/01/2020,-1.032230896,-0.303439887,1.224167078,0.481925336,-1.189041777,-0.639799757,-0.776645164,1.355532491
14/01/2020,-1.084220751,-0.394553602,1.147917658,0.762228048,-1.186657179,-0.641209559,-0.750845151,1.587189483
15/01/2020,-1.091988449,-0.363197439,1.113037895,0.720592468,-1.174760145,-0.744042488,-0.734663554,1.524217183
16/01/2020,-1.161877738,-0.393962867,1.146255264,0.716215567,-1.18398424,-0.584013406,-0.73274366,1.479051087
21/01/2020,-0.948660652,-0.207540977,1.212437943,0.827491619,-1.193984961,-0.665934695,-0.817322892,1.551776127
22/01/2020,-1.00952524,-0.373446789,1.149187577,0.819477172,-1.143682494,-0.596011054,-0.790485521,1.525505519
23/01/2020,-0.9957049,-0.317954551,1.162042411,0.886957624,-1.087374684,-0.476031896,-0.70531118,1.482596469
29/01/2020,-1.010270397,-0.239395082,1.335072052,0.872597402,-1.063093033,-0.691937667,-0.676266486,1.54790575
30/01/2020,-0.917862278,-0.105315739,1.378864214,0.900137022,-0.943666681,-0.468139199,-0.550588834,1.532610417
03/02/2020,-1.048453251,-0.013494447,1.367883185,0.862972686,-0.887257847,-0.58062809,-0.424037686,1.290467144
04/02/2020,-1.128341413,0.028672306,1.447874531,0.869603951,-1.034586595,-0.693583291,-0.530593119,1.511843704
05/02/2020,-1.130132466,-0.134296981,1.432113633,0.920268691,-1.106929232,-0.616817896,-0.558740042,1.452396262
06/02/2020,-1.123455027,-0.135265348,1.326370601,0.864726105,-1.182763528,-0.741994225,-0.674963345,1.340646042
10/02/2020,-1.013395211,-0.262081826,1.292163522,0.84087145,-1.150420966,-0.649444926,-0.620920825,1.385057621
12/02/2020,-1.118396223,-0.425768088,1.245470346,0.725635883,-1.278381781,-0.810360481,-0.947034347,1.559545018
13/02/2020,-1.062726503,-0.399440858,1.23992598,0.790349972,-1.261729582,-0.612006313,-0.892445607,1.5553391
18/02/2020,-0.908754758,-0.343278223,1.121114254,0.895269847,-1.209544833,-0.535985159,-0.616920478,1.759495189
19/02/2020,-0.953844886,-0.37858671,1.109316916,0.892872759,-1.287735664,-0.715291003,-0.689037053,1.711013514
20/02/2020,-0.930950138,-0.365473603,0.928100123,0.896510148,-1.217418427,-0.661509042,-0.605421361,1.717854406
25/02/2020,-1.042695644,-0.164230659,0.772181154,0.925634075,-0.727599859,-0.320018767,0.133927194,1.855428538
26/02/2020,-0.958050548,-0.043010822,0.722562031,0.88132605,-0.734596505,-0.394697783,0.170208868,1.744712872
27/02/2020,-0.863765652,-0.066096697,0.675020371,0.988189374,-0.463115003,-0.260954993,0.442742457,1.755312403
02/03/2020,-0.648643659,0.004861157,0.828394085,0.241312232,-0.230239579,0.066115554,0.8611379,1.427680168
03/03/2020,-0.607591675,0.00678928,0.798009942,0.433512337,-0.315944105,-0.339223035,0.749997318,1.615126863
04/03/2020,-0.531268099,0.024427876,0.751018897,0.454884733,-0.418991164,-0.534295939,0.86152328,1.359933022
05/03/2020,-0.684688421,-0.128992446,0.714713408,0.490819439,-0.269866426,-0.50318261,0.777202468,1.137353064
09/03/2020,-0.541456445,0.224732835,0.750159873,0.624860024,0.668631915,0.080527814,1.866698217,1.066494986
10/03/2020,-0.640414966,0.125774314,0.844751108,0.430778584,0.771075633,0.380641343,1.863365138,1.145755648
11/03/2020,-0.644091114,0.171002315,0.790412365,0.477959487,0.808949284,0.252634331,1.887988652,1.392989641
12/03/2020,-0.482581067,0.034814375,0.940958696,0.486413684,1.622159398,0.885797587,2.742574341,1.063421249
16/03/2020,-0.298753904,0.384915917,1.279954586,0.375327873,1.85606927,1.034219211,3.022773791,-0.652429654
17/03/2020,-0.364798657,0.328652264,1.440122605,0.131331935,1.697562235,1.177772673,2.89109606,-1.279689095
18/03/2020,-0.218752952,0.470013623,1.743374722,0.311019425,2.03799574,0.743241572,3.223812698,-1.155470339
19/03/2020,-0.250580607,0.567885674,2.111059329,0.284435253,1.893368344,0.905421373,3.188469547,-0.769902849
23/03/2020,-0.442543805,0.373785965,2.129668483,0.352666908,1.808870499,0.933975052,3.023509348,-0.429879065
24/03/2020,-0.636215008,0.101867853,1.507420027,0.226590247,0.812685733,0.407420637,2.33005009,-0.240667359
25/03/2020,-0.781185847,-0.140912098,1.331811893,0.103840641,0.540270456,-0.152202657,2.213864779,-0.305521489
26/03/2020,-0.732036817,-0.157681513,1.408783467,-0.068523533,0.380383806,0.013983931,2.129111783,-0.477902023
30/03/2020,-0.437696713,-0.107863239,1.411700094,0.094024719,0.617555575,0.461448967,2.252856475,-0.663238519
31/03/2020,-0.333148461,-0.228275428,1.285859244,0.084758549,0.592253156,0.379087904,2.172672293,-0.515669253
01/04/2020,-0.099601203,-0.08275591,1.381415654,0.077483077,0.863634335,0.485289321,2.408443015,-0.374152137
02/04/2020,-0.10530517,-0.137364297,1.347597907,-0.049559166,0.843921936,0.447883439,2.391003917,-0.551793324
06/04/2020,-0.139345497,-0.203295017,1.255690252,0.008929991,0.664064012,0.376922274,1.95027429,-0.374830442
07/04/2020,-0.222379509,-0.476849685,1.347775367,0.083269278,0.531692497,0.122641695,1.839469284,-0.155260123
08/04/2020,-0.162414041,-0.463240801,1.480537537,-0.042522048,0.525255695,0.248399903,1.855396767,-0.174362173
09/04/2020,-0.128012206,-0.555990567,1.282123604,0.092809899,0.433157162,0.605450949,1.777824272,-0.061948952
14/04/2020,-0.185541479,-0.330286015,1.217966136,0.03974834,0.4086454,0.26312196,1.689646952,0.015665689
15/04/2020,-0.2409396,-0.380588396,1.309895149,0.069600088,0.653173013,0.293529853,1.890936702,-0.313132356
16/04/2020,-0.260583644,-0.34154719,1.267348651,0.046939122,0.658288078,0.097855516,1.876367321,-0.316568366
20/04/2020,-0.175481028,-0.432500595,1.007760435,0.22933494,-0.047109647,-0.048442187,1.625948122,-0.362115032
21/04/2020,-0.044245258,-0.347620395,1.098450407,0.247856878,0.288241164,0.189124261,1.91094437,-0.408959983
22/04/2020,0.015726968,-0.375675909,1.151058314,0.148960964,0.210166089,-0.034813105,1.800450805,-0.548044773
23/04/2020,-0.027435267,-0.465194728,1.111473759,0.237528958,0.153843547,-0.094498019,1.734387876,-0.471275599
27/04/2020,-0.024528519,-0.484397476,1.017115732,0.471675558,0.075883528,0.177254305,1.636590832,-0.492193343
28/04/2020,-0.0881202,-0.567550545,0.946997038,0.62481551,-0.016833078,0.071669089,1.545858008,-0.374479874
07/05/2020,-0.00880445,-0.400207327,0.665533118,0.441380843,0.081371823,-0.267206522,1.544660769,-0.477603793
11/05/2020,-0.154141871,-0.574886967,1.018641176,0.343736596,0.09749224,-0.313801562,1.656941716,-0.594120457
12/05/2020,-0.151773674,-0.408793241,0.955524864,0.340695414,0.12295251,-0.649561579,1.478330619,-0.591507916
13/05/2020,-0.094272791,-0.654087098,0.988163774,0.326001858,0.3062151,-0.543545181,1.66351586,-0.709295619
14/05/2020,-0.093541185,-0.160039082,1.032264509,0.270590305,0.409405978,-0.223797785,1.801074125,-1.062027959
18/05/2020,-0.181749724,-0.387316021,0.91414447,0.205268643,0.085826019,-0.414151219,1.370290987,-0.954463435
19/05/2020,-0.260282617,-0.514752793,0.968348656,0.227237402,0.143555889,-0.615776458,1.463469335,-0.88138506
20/05/2020,-0.253823036,-0.518074853,0.921092893,0.174222937,0.087779861,-0.406587249,1.41626836,-0.902192425
21/05/2020,-0.239676024,-0.484366182,0.841317327,0.225854221,0.161817464,-0.306948266,1.573892766,-0.836706206
02/06/2020,-0.326095771,-0.734100336,0.57693487,0.174618117,-0.432324955,-0.464837982,1.221280071,-0.942872581
03/06/2020,-0.360080959,-0.826771044,0.544816195,0.101065379,-0.667110723,-0.479813834,0.909507205,-0.914481882
04/06/2020,-0.479106231,-0.838206375,0.471051183,0.149892917,-0.643894827,-0.318540791,0.999583849,-0.878099436
08/06/2020,-0.418430172,-0.953586337,0.481099851,0.122665133,-0.878867912,-0.082286757,0.817473167,-0.941134284
09/06/2020,-0.5363864,-0.570993431,0.485792424,0.139660146,-0.763335211,0.014839682,0.744003938,-1.002909445
10/06/2020,-0.544062047,-0.634806423,0.420603241,0.119349444,-0.70343542,-0.348459921,0.80275572,-1.064444493
11/06/2020,-0.442642228,-0.474701354,0.516507497,0.233583064,-0.361737705,-0.321174648,1.177267139,-1.026304003
15/06/2020,-0.372128782,-0.277036308,0.593694079,0.204226455,-0.361910289,-0.140030126,0.98232934,-1.002386903
16/06/2020,-0.453300957,-0.502373164,0.390854994,0.234026498,-0.558376916,-0.258601358,0.946240248,-1.026976643
17/06/2020,-0.540805179,-0.540972966,0.3130848,0.186908723,-0.545679885,-0.466041679,0.849689516,-1.084723716
18/06/2020,-0.506832888,-0.865933032,0.243213291,0.208809098,-0.492202163,-0.408826065,1.073232901,-1.064712278
22/06/2020,-0.57856097,-0.813058364,0.110080914,0.183525589,-0.47776268,-0.330743446,0.799202566,-1.097448445
23/06/2020,-0.689873865,-0.924371259,0.131402309,0.230482788,-0.576872592,-0.514167353,0.728915503,-1.210616985
24/06/2020,-0.683866144,-0.954938548,0.09745624,0.26938174,-0.36664068,-0.350814186,0.834148977,-1.166512269
29/06/2020,-0.685789305,-0.754011779,0.126049724,0.162037974,-0.473107136,-0.292963349,0.871919809,-1.17913018
30/06/2020,-0.71140096,-0.789404264,0.031359357,0.215883345,-0.459501105,-0.082309681,0.819202075,-1.288600044
02/07/2020,-0.780171299,-0.985326203,-0.007775492,0.194209117,-0.62241849,-0.457805091,0.724338531,-1.372234557
06/07/2020,-0.691332313,-1.392763668,-0.19323095,0.172122285,-0.668582461,-0.511093335,0.692810523,-1.44302887
07/07/2020,-0.550031085,-1.290586302,-0.321088726,0.177810565,-0.614300753,-0.511565828,0.770840948,-1.404166229
08/07/2020,-0.397567238,-1.333739593,-0.359292079,0.159640243,-0.524357409,-0.477684601,0.904524232,-1.910333171
09/07/2020,-0.508358576,-1.35650265,-0.443789852,0.18621644,-0.437977282,-0.487444491,0.856021821,-1.908502789
13/07/2020,-0.580845377,-0.903782445,-0.528335357,0.292680065,-0.632260658,-0.411893269,0.934759368,-1.948003466
14/07/2020,-0.556825001,-0.821076819,-0.604736048,0.216175927,-0.562188265,-0.508561659,0.769032842,-2.086409412
15/07/2020,-0.685013682,-0.822113899,-0.557631891,0.266863448,-0.708051457,-0.484123261,0.61275838,-2.142949219
16/07/2020,-0.619652997,-0.678506034,-0.461213935,0.257258177,-0.673999196,-0.434729741,0.520022892,-2.20191188
20/07/2020,-0.634412092,-0.703045688,-0.576399784,0.449298061,-0.685350418,-0.653312037,0.665406273,-2.22037902
21/07/2020,-0.85547641,-0.338080968,-0.68625499,0.501251045,-0.701298252,-0.446429964,0.451647926,-2.231002335
22/07/2020,-0.741986946,-0.373441546,-0.797432748,0.434604688,-0.604803752,-0.459060304,0.444773064,-2.255597806
27/07/2020,-0.672864841,-0.245634191,-0.819997357,0.395293996,-0.464716493,-0.359149506,0.778675848,-2.258978956
28/07/2020,-0.700948474,-0.293279484,-0.943073508,0.436056764,-0.449371298,-0.434218694,0.833017889,-2.174726732
05/08/2020,-0.706696906,-0.517814138,-1.073639037,0.466522458,-0.455693044,-0.206073032,1.262586268,-2.100910906
06/08/2020,-0.668604441,-0.469477642,-1.059518373,0.433658551,-0.386425339,-0.066032953,1.256373799,-2.206488635
11/08/2020,-0.513973631,-0.656015836,-0.766491751,0.53993562,-0.591686006,0.036109399,0.862521581,-1.897773344
12/08/2020,-0.572319194,-0.755337252,-0.673689694,0.496455101,-0.656801184,-0.217745885,0.787775685,-1.911858443
13/08/2020,-0.548079189,-0.751584768,-0.797082748,0.467921272,-0.612360943,-0.159017006,1.195769589,-2.067966008
17/08/2020,-0.519410661,-0.85029786,-0.845732357,0.330964883,-0.511153371,0.016726082,0.95818876,-2.127093776
18/08/2020,-0.5865077,-0.855931252,-0.879657615,0.345311817,-0.462475013,-0.067830443,1.114412729,-2.204945467
19/08/2020,-0.584748945,-0.737035452,-0.833998887,0.34183508,-0.518754059,-0.128629934,0.868199901,-2.147085166
20/08/2020,-0.527040008,-0.891778725,-0.755793528,0.285619203,-0.423940493,-0.003111052,1.149036158,-2.225075154
24/08/2020,-0.699748217,-1.105462788,-0.798166035,0.330272063,-0.562806338,-0.069443339,1.251213493,-2.207197923
25/08/2020,-0.527717029,-1.087090714,-0.720261929,0.332137436,-0.563352151,0.073151826,1.254504554,-2.198270732
26/08/2020,-0.631721485,-1.088655942,-0.72002337,0.418219309,-0.621053958,-0.060796946,0.960203266,-2.20672877
27/08/2020,-0.705683716,-1.095364351,-0.78115238,0.408800919,-0.574415733,0.131583995,1.022941818,-2.203813374
01/09/2020,-0.781053453,-1.068294859,-0.561525209,0.434777304,-0.462532541,0.308927297,0.844219543,-2.293070119
02/09/2020,-0.803825779,-0.786419437,-0.600387486,0.521365541,-0.597073977,0.188265663,0.612077475,-2.383790838
03/09/2020,-0.84391322,-0.754799201,-0.658909188,0.535206479,-0.565148141,0.359327358,0.710229594,-2.204561579
08/09/2020,-0.777157101,-0.581149525,-0.48514908,0.425519377,-0.513423615,0.173435955,0.770057928,-1.805594018
09/09/2020,-0.682252753,-0.675293755,-0.449895867,0.411332269,-0.613223159,-0.05307836,0.850602815,-2.025711385
10/09/2020,-0.628329479,-0.562700266,-0.371907064,0.443848987,-0.585852544,-0.129088453,1.182032905,-1.958963372
14/09/2020,-0.730417958,-0.792372732,-0.224051549,0.487276399,-0.626010471,-0.131888143,0.80161229,-2.10208126
15/09/2020,-0.766657617,-0.81836836,-0.29745895,0.489301387,-0.64907141,-0.338838661,0.733471143,-2.071277829
16/09/2020,-0.785141522,-0.816364473,-0.430771301,0.425212473,-0.658395827,-0.258911113,0.525968614,-2.018050496
17/09/2020,-0.636006287,-0.432548112,-0.598837811,0.410266054,-0.608223149,-0.245647065,0.791939653,-1.950753981
24/09/2020,-0.459225892,-0.211998431,-0.386851603,0.668606281,-0.210404239,-0.190933681,1.012048273,-2.047784463
28/09/2020,-0.526088295,-0.258373314,-0.650810571,0.599495121,-0.326281406,-0.231968065,1.069616191,-2.089241144
29/09/2020,-0.541430482,-0.202008094,-0.714216428,0.59968179,-0.31018905,-0.199266335,1.021629554,-2.120669671
30/09/2020,-0.603261419,-0.25359473,-0.742421905,0.626830135,-0.269053852,-0.19148548,1.065169812,-2.188205973
05/10/2020,-0.751506542,-0.340376207,-0.612741566,0.572599229,-0.367373809,-0.061754911,1.228288532,-2.180839083
06/10/2020,-0.79085536,-0.400212817,-0.70390673,0.589637227,-0.401267517,-0.061442147,1.150265654,-2.043595236
07/10/2020,-0.823584661,-0.473917971,-0.710177475,0.553389917,-0.381928347,0.025657865,1.13518086,-1.94446514
08/10/2020,-0.76869195,-0.460001114,-0.838221374,0.503114887,-0.424945827,0.03071081,1.059164397,-1.919059223
12/10/2020,-0.896963218,-0.588272382,-0.910619776,0.576781422,-0.521713935,0.040560435,0.99481363,-1.848552676
14/10/2020,-0.983808802,-0.593166258,-0.972170687,0.601559685,-0.467647606,-0.095399464,1.068629955,-1.949141594
15/10/2020,-0.963785671,-0.450216107,-0.988090696,0.578646795,-0.31787603,0.278516965,1.025163901,-2.002466547
19/10/2020,-0.917987826,-0.626992094,-1.11826299,0.471357099,-0.46902687,0.221148398,0.663810986,-1.853774705
20/10/2020,-1.007607558,-0.5657454,-1.245424266,0.40657596,-0.449859583,0.306504141,0.482144927,-1.8903451
21/10/2020,-1.01860045,-0.617714146,-1.232550213,0.380346739,-0.341626601,0.568026074,0.758333535,-1.855063387
22/10/2020,-1.068490032,-0.626627874,-1.332579168,0.327887334,-0.337933596,0.740668875,0.872248575,-1.829630173
27/10/2020,-1.017567981,-0.626925438,-1.392619617,0.253328845,-0.164484411,0.626964877,1.245072335,-1.861847482
28/10/2020,-1.046753076,-0.604890918,-1.386131197,0.214390203,0.064741504,0.832390468,1.685744435,-1.828373268
29/10/2020,-1.00215913,-0.570541003,-1.462320183,0.121287785,0.066825134,0.880362764,1.504376021,-1.957838945
02/11/2020,-0.894867913,-0.60387218,-1.354183757,0.223395777,-0.107702347,0.822210083,1.377139721,-2.000259539
04/11/2020,-0.83025972,-0.723654654,-1.441857872,0.166740397,0.236288454,0.197577494,0.914474082,-2.066353707
05/11/2020,-0.996419503,-0.951278083,-1.561773265,0.127522232,0.14844277,0.336482434,0.855505186,-2.143066758
09/11/2020,-1.137659205,-1.04129817,-1.976484992,0.089196405,-0.357781705,0.480163509,0.346149648,-1.843843091
10/11/2020,-1.20761429,-1.121497016,-1.380985638,0.113028376,-0.476533157,0.403643903,0.717886031,-1.610809702
11/11/2020,-0.930574507,-1.100555575,-1.451833444,0.112175574,-0.514234225,0.100682014,0.343859737,-1.671953663
12/11/2020,-0.986090785,-1.084364718,-1.666553242,0.15625606,-0.395497505,-0.00028505,0.635331768,-1.583618682
16/11/2020,-1.158447321,-1.419694231,-1.895086889,0.121593908,-0.551978789,0.241670118,0.734274707,-1.610001563
17/11/2020,-1.075645965,-1.22234608,-1.728732249,0.140683523,-0.568530666,0.324628946,0.581470198,-1.627560973
18/11/2020,-1.122207014,-1.258663098,-1.678023541,0.154870206,-0.60940769,0.170824034,0.37945941,-1.461838848
19/11/2020,-1.120772717,-1.206009187,-1.643910185,0.179488276,-0.556548042,0.268474202,0.456873823,-1.544927523
24/11/2020,-1.144793619,-1.271005943,-1.795202771,0.136673891,-0.481341778,0.443679671,0.344927881,-1.533665252
25/11/2020,-1.249668424,-1.29392931,-1.945830821,0.133609276,-0.499833464,0.346922625,0.346694263,-1.547847904
30/11/2020,-1.218860762,-1.132743488,-2.333614198,0.23438489,-0.424056697,0.230498202,0.528068194,-1.645599093
01/12/2020,-1.272197041,-1.196323798,-2.342479896,0.170109421,-0.514704406,0.185317183,0.415021404,-1.650563887
02/12/2020,-1.262330781,-1.186457537,-2.246692796,0.13717956,-0.516672278,0.084343124,0.539338717,-1.509237556
03/12/2020,-1.358378387,-1.241529289,-2.134814911,0.136673891,-0.504244165,0.012374907,0.657849964,-1.423025641
07/12/2020,-1.45997685,-1.179224878,-2.046614843,0.141348693,-0.502836136,0.075127388,1.062364102,-1.388204304
08/12/2020,-1.454334391,-1.122362805,-2.013470803,0.162742917,-0.484574561,0.041653803,0.744867284,-1.482202687
09/12/2020,-1.54080117,-1.178097761,-2.068146903,0.179900611,-0.464674846,0.080189975,1.120196779,-1.372090856
10/12/2020,-1.586577731,-1.358909651,-2.1262962,0.111962217,-0.468741081,-0.040393598,0.733334851,-1.476831678
14/12/2020,-1.631874895,-1.21515844,-2.097903682,0.166474154,-0.437404554,0.064992561,0.781878987,-1.41712748
15/12/2020,-1.580651155,-1.095020455,-2.037218281,0.162949043,-0.44095374,0.237877203,0.688423426,-1.379750227
16/12/2020,-1.662011487,-1.372879762,-2.094406153,0.214020923,-0.465910992,0.105823472,0.552557725,-1.406073961
17/12/2020,-1.682340018,-1.434183876,-2.212990865,0.395696964,-0.468468174,0.140114398,0.48481595,-1.350904698
21/12/2020,-1.649564764,-1.329701216,-2.245478545,0.099688529,-0.244155977,0.194061947,0.766400285,-1.483694333
23/12/2020,-1.71102204,-1.133195872,-2.250798301,0.349436564,-0.437045356,0.17566269,0.954991769,-1.312849292
29/12/2020,-1.733401952,-1.54112239,-2.276490432,0.500111249,-0.542981036,-0.083780983,0.499972169,-1.245925483
30/12/2020,-1.885803808,-1.703768277,-2.232957509,0.562833853,-0.525193715,0.055396816,0.554508337,-1.251309489
04/01/2021,-1.997843974,-1.795320652,-2.303980909,0.464181023,-0.510178954,0.00903465,0.028373451,-1.461187341
05/01/2021,-1.893952347,-1.569431361,-2.369605758,0.366023014,-0.475178887,-0.012226305,0.157012649,-1.394693756
06/01/2021,-1.721491671,-1.58136135,-2.250473372,0.378753944,-0.570007185,0.027856684,0.048049728,-1.422277031
07/01/2021,-1.76302691,-1.609859195,-2.403725892,0.360305282,-0.626401287,0.015908649,0.127233191,-1.138857626
12/01/2021,-1.824312708,-1.883474523,-2.543194966,0.389154731,-0.599274815,0.246180265,0.260280143,-1.230199226
13/01/2021,-1.730793906,-2.078650164,-2.597317736,0.333078905,-0.616084865,0.202589846,0.250480122,-1.292773028
14/01/2021,-1.753012627,-2.1520885,-2.605014157,0.314896601,-0.642622729,0.213614334,0.347911807,-1.213496776
19/01/2021,-1.993030906,-2.405143498,-2.526736171,0.328594092,-0.52404386,0.363671422,0.333861952,-1.322017975
20/01/2021,-2.083034523,-2.495147115,-2.535882211,0.307152712,-0.566903489,0.309751994,0.340869215,-1.349191126
21/01/2021,-2.155228953,-2.485390107,-2.582988166,0.311873551,-0.512808396,0.211321772,0.272581448,-1.39447835
25/01/2021,-2.445598268,-2.826050356,-2.611472248,0.324771159,-0.34264882,0.367982393,0.396239981,-1.493110028
26/01/2021,-2.26052054,-2.748069329,-2.602702629,0.361303138,-0.416155343,0.241170569,0.244367101,-1.467993543
27/01/2021,-2.223929785,-2.652808089,-2.590174202,0.387562686,-0.32434445,0.038766559,0.411953198,-1.378589073
28/01/2021,-2.085728392,-2.44289902,-2.350329784,0.332583008,-0.397477042,0.192445655,0.381537337,-1.358647769
01/02/2021,-2.192131542,-2.47014413,-2.459041629,0.312010434,-0.327304326,0.213827068,0.462991363,-1.404731068
02/02/2021,-2.261424139,-2.570168279,-2.388848443,0.301008432,-0.47303773,0.229370624,0.320416157,-1.393914425
03/02/2021,-2.308673209,-2.724514051,-2.213119723,0.215550057,-0.472951438,0.221356414,0.254547242,-1.308590554
04/02/2021,-2.284883937,-2.669992956,-2.10194151,0.142388614,-0.538311461,0.393339806,0.169821029,-1.281554489
08/02/2021,-2.28131752,-2.727889914,-2.038323035,0.174793674,-0.649648139,0.449453174,0.144034442,-1.173049584
09/02/2021,-2.32537009,-2.771942484,-2.083035965,0.111636958,-0.65756523,0.491826822,0.046013931,-1.232787536
10/02/2021,-2.514225334,-2.930066176,-2.044384178,0.077367162,-0.627765819,0.497066269,0.202907436,-1.323922748
16/02/2021,-2.559563164,-3.12906312,-2.305820401,0.785867845,-0.508239548,0.058338242,0.088816145,-1.194252676
17/02/2021,-2.552211935,-2.121523435,-2.110729173,1.015121103,-0.478512397,0.107445019,0.270842503,-1.17581482
18/02/2021,-2.47603271,-2.466279807,-2.088381282,1.045568391,-0.424618651,0.233260415,0.285786195,-1.125095336
22/02/2021,-2.224461385,-2.457770377,-2.108547768,1.567430559,-0.240132556,0.49182556,0.26961027,-0.920199974
24/02/2021,-2.075846381,-1.806267393,-1.88643103,1.212395736,-0.284012251,0.579640298,0.096001785,-1.015912363
25/02/2021,-1.971017328,-1.906316797,-2.051087958,1.575539099,-0.263768071,0.518777433,0.160666764,-0.847825455
01/03/2021,-1.806533684,-1.66267562,-2.02578129,1.659900249,-0.276555383,0.689485303,0.071371738,-0.902057484
02/03/2021,-1.747240259,-1.631320385,-2.017046641,1.878715631,-0.300894562,0.557303557,0.053324466,-0.987530448
03/03/2021,-1.896067734,-1.92076924,-1.985134876,1.745556329,-0.104467781,0.663831201,0.026413278,-0.674097959
04/03/2021,-1.786854632,-1.670934757,-1.854941212,2.164144127,-0.105315264,0.676939649,0.380787022,-0.643234607
08/03/2021,-1.621957409,-1.750962894,-1.811134845,2.037365782,-0.209253303,1.006846047,0.007430447,-0.713787073
09/03/2021,-1.769235008,-2.023031791,-1.722599477,2.198276884,-0.240833972,0.859935388,-0.213001965,-0.719904429
10/03/2021,-1.827470538,-1.991864812,-1.741415758,2.284664998,-0.335058228,1.008391998,-0.281439449,-0.777513612
11/03/2021,-1.99259015,-2.195167319,-1.934744918,2.430785705,-0.397141971,1.019951084,-0.300931704,-0.829654579
15/03/2021,-1.683810152,-1.902217673,-2.050012594,2.234237442,-0.400317928,1.01812644,-0.280788898,-0.801333125
16/03/2021,-1.615395441,-1.956729983,-1.972329699,2.316040525,-0.428277851,0.805108389,-0.084707875,-0.787905939
17/03/2021,-1.637690304,-1.958537325,-2.044400081,1.760872953,-0.427400903,0.966443843,-0.345180778,-0.842174845
18/03/2021,-1.731900933,-1.925163023,-2.142013153,1.898089557,-0.438852447,0.989447869,-0.126330837,-0.746445884
22/03/2021,-1.565137366,-1.778887518,-1.684377351,1.883096869,-0.303348472,0.906125777,-0.151352847,-0.87912692
23/03/2021,-1.538036454,-1.669834898,-1.806137878,1.886256958,-0.270043372,0.690744627,-0.388934649,-0.830159605
24/03/2021,-1.477655209,-1.507014424,-1.829898879,1.719227857,-0.272902925,0.689789628,-0.354398102,-0.850035298
25/03/2021,-1.472446202,-1.501805417,-1.858565172,1.688780569,-0.280259471,0.999259706,-0.361736685,-0.936306026
29/03/2021,-1.472832068,-1.625118574,-1.974187903,1.846997146,-0.37092051,0.914637167,-0.493086485,-0.949434984
30/03/2021,-1.499093751,-1.692355841,-2.021599696,1.713373781,-0.475131455,0.93792259,-0.620778099,-0.864502128
31/03/2021,-1.504577582,-1.636376026,-2.122032773,1.622323637,-0.445231721,0.992475898,-0.620597149,-0.86310989
01/04/2021,-1.569904361,-1.793898003,-2.224827401,1.519379917,-0.496568285,0.989265124,-0.426301855,-0.972476145
07/04/2021,-1.546932399,-1.719706426,-2.446470671,1.374420231,-0.536367715,0.646946379,-0.576746903,-0.811577643
08/04/2021,-1.691831802,-1.813386214,-2.552973751,1.333967834,-0.586741741,0.565256277,-0.750596034,-0.837248689
12/04/2021,-1.607591243,-1.726352967,-2.4172833,1.304684273,-0.86674327,0.694618697,-0.862999458,-1.199896761
13/04/2021,-1.630195138,-1.738712832,-2.567897296,1.187317116,-0.898956043,0.516725868,-0.875950092,-1.189121589
14/04/2021,-1.753882502,-2.05889917,-2.470475189,1.120505646,-0.934128693,0.550944593,-0.833046054,-1.047965718
15/04/2021,-1.80556344,-2.0286284,-2.503146968,1.074830069,-0.760259381,0.427822297,-0.577491368,-1.201051249
19/04/2021,-1.82184067,-1.909870572,-2.582835016,1.116310499,-0.850130465,0.399537321,-0.91352481,-1.271104905
20/04/2021,-1.830155428,-1.91818533,-2.466624098,1.08756073,-0.661077209,0.456148368,-0.727691255,-1.452440953
21/04/2021,-1.726702647,-1.84267094,-2.351515154,1.031217469,-0.726364972,0.53240402,-0.798188721,-1.495316527
22/04/2021,-1.774449836,-1.880174369,-2.547440725,1.062663264,-0.807874176,0.314033946,-0.881503266,-1.392472325
26/04/2021,-1.860694815,-1.935687525,-2.167136603,1.05122715,-0.849798354,0.483084981,-0.630964049,-1.404708556
27/04/2021,-1.867765019,-1.932513697,-2.189956728,1.065419956,-0.847269235,0.472689044,-0.677599117,-1.531703698
28/04/2021,-1.955471017,-2.175742073,-2.440808073,0.856701646,-0.894999787,0.387990757,-0.706302816,-1.789309892
06/05/2021,-1.505704871,-1.778125168,-2.274866682,0.972713589,-0.966997257,0.426496414,-0.616420228,-1.988605175
10/05/2021,-1.350539333,-2.042031762,-2.318653098,1.044511987,-1.008521119,0.194002283,-0.935582204,-1.954452367
17/05/2021,-1.31961264,-1.722410828,-1.924452482,0.946750038,-0.981739112,0.399626159,-0.618568388,-1.625111666
18/05/2021,-1.431971399,-1.834769587,-2.005740634,0.98012139,-0.962083539,0.377848139,-0.847711208,-1.506010437
20/05/2021,-1.412116011,-1.794426678,-2.029212692,1.367930401,-0.947586529,0.371593582,-0.915413838,-1.536097274
25/05/2021,-1.603042826,-1.854975602,-2.119650026,1.302714064,-0.999627945,0.53532413,-1.00505475,-1.453077055
26/05/2021,-1.705495409,-1.857781916,-2.048439051,1.173208439,-0.986496656,0.64024386,-0.654756998,-1.46686522
27/05/2021,-1.690650725,-2.187508457,-2.074393158,1.064815229,-1.049873372,0.750436087,-0.966016673,-1.453455072
01/06/2021,-1.851846447,-2.011584025,-2.089218474,1.643183172,-1.127014671,0.82475686,-1.073466104,-1.684948925
02/06/2021,-1.752734208,-1.96369113,-1.838986569,1.382548991,-1.173164611,0.701501323,-0.756427147,-1.617424504
03/06/2021,-1.69025812,-1.87048349,-1.747673626,1.432541472,-1.153624094,0.84931748,-0.907500885,-1.613290356
07/06/2021,-1.619524924,-1.751323368,-1.682123898,1.496162676,-1.204831572,0.731422347,-0.963461657,-1.667624231
08/06/2021,-1.648599007,-1.749665357,-1.609709637,1.403225141,-1.215535254,0.692442019,-0.755565849,-1.656306939
09/06/2021,-1.627462345,-1.738772997,-1.470803396,1.311416949,-1.233409569,0.624820276,-0.715791563,-1.638603909
10/06/2021,-1.636652547,-1.737718898,-1.50131476,1.349629616,-1.200749614,0.575433677,-0.813981978,-1.713407013
15/06/2021,-1.659663752,-1.709510759,-1.734535462,1.278561059,-1.334414102,0.412361239,-0.867459958,-1.670634058
16/06/2021,-1.623458017,-1.652817232,-1.752376817,1.236642651,-1.353279017,0.427695414,-0.854784341,-1.653070929
17/06/2021,-1.626949558,-1.687040325,-1.699645985,1.466872706,-1.372833566,0.276693561,-0.94484216,-1.633767301
21/06/2021,-1.658607943,-1.59856485,-1.605376041,1.402942209,-1.20589992,0.39443251,-0.782988511,-1.687814575
22/06/2021,-1.628712529,-1.548181645,-1.706323316,1.475256971,-1.218773524,0.331609377,-0.805123153,-1.653851118
23/06/2021,-1.740582235,-1.966440154,-1.727719572,1.508920711,-1.131947907,0.306045463,-0.763375857,-1.6283641
24/06/2021,-1.748719062,-1.984821012,-1.845992106,1.52706374,-1.247006354,0.368858227,-0.773617021,-1.677531969
28/06/2021,-1.795712361,-2.162192674,-1.891826068,1.67221035,-0.915789752,0.258350982,-0.828790112,-1.748677944
29/06/2021,-1.759612138,-2.085116598,-1.876627235,1.569887914,-0.929310193,0.148147306,-0.789005594,-1.79185087
30/06/2021,-1.692420607,-1.487098898,-1.904040541,1.686097254,-0.843677226,0.178207207,-0.577452551,-1.767228978
06/07/2021,-1.582609239,-1.205933583,-1.614943872,1.436994091,-0.843174208,-0.12269574,-0.826366881,-1.655778895
07/07/2021,-1.510083692,-1.17438362,-1.624224572,1.424353815,-0.872255223,-0.252255884,-0.816630445,-1.756187305
08/07/2021,-1.354811659,-1.08523267,-1.59185864,1.313730085,-0.68404945,-0.16286584,-0.844288124,-1.741965518
12/07/2021,-1.44635437,-0.911362162,-1.726141154,1.345502551,-0.917556978,-0.044105208,-0.882051232,-1.812252226
13/07/2021,-1.510868228,-1.175168155,-1.830987101,1.392665707,-0.916436589,-0.183758604,-0.960088641,-1.828593783
14/07/2021,-1.512629719,-0.918967297,-1.864719188,1.427834733,-0.916306801,-0.104568429,-0.907234897,-1.929329156
15/07/2021,-1.571324388,-1.046576211,-1.894646146,1.371041222,-0.822886531,0.126362675,-0.643422066,-1.932895018
26/07/2021,-0.976750539,-0.884069634,-1.829969598,1.344772472,-0.606142652,-0.195344475,-1.081789467,-1.849779516
27/07/2021,-0.774408041,-0.573211333,-1.751303877,1.279724406,-0.539072931,-0.143379093,-0.883964105,-1.824922268
28/07/2021,-0.991833991,-0.682121211,-1.725535811,1.281229578,-0.650266491,-0.064462279,-0.865820422,-1.875449002
29/07/2021,-1.260911722,-0.642987113,-1.859417051,1.305005496,-0.685410377,-0.09901334,-1.06995778,-1.948581217
02/08/2021,-1.140894779,-0.689548961,-1.975526981,1.240473441,-0.745942272,-0.314517131,-1.126795662,-1.772555438
03/08/2021,-1.107672126,-0.678029631,-1.969315673,1.324699899,-0.81477922,-0.278427086,-1.143871218,-1.807578291
04/08/2021,-1.248771472,-0.743167483,-1.922154589,1.306038169,-0.846991993,-0.292901219,-1.052101275,-1.754263405
05/08/2021,-1.218962618,-0.680803779,-1.996246967,1.401141187,-0.520314803,-0.230537148,-1.034833597,-1.67569222
10/08/2021,-1.277402772,-1.000245111,-1.918315129,1.400799786,-0.57637847,-0.169646015,-1.157078798,-1.573249404
11/08/2021,-1.281882352,-0.946661973,-1.839259159,1.512410525,-0.630660879,-0.280095317,-1.194123816,-1.647925604
12/08/2021,-1.220168543,-0.906651215,-1.898019841,1.517655273,-0.665833529,-0.229823396,-1.268655447,-1.673315328
16/08/2021,-1.114768694,-0.812102893,-1.807646777,1.270315287,-0.603045421,-0.27379288,-1.129743219,-1.680761427
17/08/2021,-1.003178341,-0.689661014,-1.796260129,1.402692562,-0.575846688,-0.397008286,-1.17962755,-1.672937954
18/08/2021,-1.015526821,-0.654799044,-1.874164437,1.463225535,-0.504395031,-0.414031566,-1.051834182,-1.512656198
19/08/2021,-0.914992423,-0.500006745,-1.843801977,1.410042539,-0.268445376,-0.213292637,-0.629669781,-1.609907716
23/08/2021,-0.867731223,-0.441893478,-1.806704748,1.317561838,-0.379380061,-0.175738792,-0.923712097,-1.70947238
24/08/2021,-1.041539584,-0.615701839,-1.780581979,1.264036904,-0.352382676,-0.193178802,-0.854378895,-1.649082293
25/08/2021,-0.934326105,-0.606152906,-1.812297129,1.276159554,-0.369868327,-0.21905458,-0.92897662,-1.680490113
26/08/2021,-0.834405863,-0.321192779,-1.749769329,1.307932021,-0.354853566,-0.244716133,-0.779305721,-1.697335177
31/08/2021,-0.964636548,-0.182560806,-1.919658971,1.414815751,-0.375184739,-0.176197452,-0.911871985,-1.757240294
01/09/2021,-0.832977929,-0.678779563,-2.024385524,1.260814529,-0.487986974,-0.187790789,-0.904647719,-1.769691375
02/09/2021,-0.514045761,-0.620538301,-2.279871562,1.332999693,-0.494294689,-0.141571313,-0.915551075,-1.784723518
07/09/2021,-0.262481866,-0.694522352,-2.491370253,1.138843354,-0.02652098,-0.251240208,-0.812397285,-1.773988664
08/09/2021,-0.296695894,-0.685330276,-2.58704983,1.170743804,0.05563436,-0.211914475,-0.813904424,-1.849971565
09/09/2021,-0.083248187,-0.515288674,-2.565422874,1.155223092,0.032889824,-0.120533051,-0.822513574,-1.802418893
13/09/2021,-0.023929314,-0.54278255,-2.712205614,1.085660359,-0.031298765,-0.261750428,-0.874870062,-1.716141365
14/09/2021,-0.196784531,-0.455199519,-2.793051864,1.118937034,0.003126724,-0.300921127,-0.889298995,-1.79170548
15/09/2021,-0.097500923,-0.247652292,-2.814841209,1.047138935,0.102768417,-0.256864987,-0.817730495,-1.91407214
16/09/2021,0.026902702,-0.144951719,-2.747956047,1.011969909,0.046777011,-0.333245443,-0.841644583,-1.870591725
21/09/2021,-0.042971274,-0.095205913,-2.388198977,1.022329269,0.222532389,-0.310539515,-0.638813165,-1.537108896
27/09/2021,-0.256416465,-0.09161923,-2.236351462,0.853196014,0.081467859,0.344901013,-0.789555273,-1.48958261
28/09/2021,-0.360089741,-0.173589182,-2.233410318,0.844811211,0.288955273,0.271313377,-0.571940209,-1.551342996
29/09/2021,-0.481899895,-0.219438113,-1.881028532,0.919490284,0.210937727,0.191396501,-0.650010482,-1.627763282
30/09/2021,-0.435499902,-0.043323836,-1.756563768,0.913257452,0.269544545,0.14561233,-0.580054851,-1.49033389
04/10/2021,-0.218804674,0.108261695,-1.437158604,0.822670177,0.443464397,0.534936969,-0.430121463,-1.537737573
05/10/2021,-0.259560843,0.089208848,-1.350028754,0.627655238,0.339459094,0.461646154,-0.535771849,-1.553461377
06/10/2021,-0.155755816,0.127904178,-1.414490274,0.592873814,0.421251643,0.582694667,-0.387832173,-1.646280068
07/10/2021,-0.275614345,-0.07876683,-1.537469962,0.588746212,0.267414534,0.479502229,-0.57347926,-1.627812454
11/10/2021,-0.581055261,-0.253988892,-1.647154529,0.456239991,0.310015288,0.283751284,-0.538881961,-1.555823712
12/10/2021,-0.511713836,-0.45492736,-1.622133583,0.382876688,0.342242794,0.278675324,-0.503917537,-1.558740885
18/10/2021,-0.66996235,-0.504912458,-1.933580555,0.514713823,0.162657776,0.283477359,-0.303752365,-1.734293306
19/10/2021,-0.754360718,-0.459596542,-2.044895236,0.409511065,0.167327351,0.269037902,-0.593484871,-1.785812264
20/10/2021,-0.809002056,-0.557644255,-1.909525993,0.284789052,0.115947992,0.35626256,-0.598227448,-1.791869887
21/10/2021,-0.80825011,-0.524337459,-1.769685978,0.199438266,0.143879152,0.426008628,-0.800398982,-1.783150011
25/10/2021,-0.786177377,-0.556522627,-1.796045778,0.224855061,0.105516514,0.430034073,-1.094784839,-1.69212894
26/10/2021,-0.759822147,-0.530167397,-1.929473268,0.238354362,0.028447475,0.226252474,-1.200360755,-1.590670266
27/10/2021,-0.709815686,-0.41505151,-2.006666173,0.16512784,0.047111044,-0.032437867,-1.218491374,-1.37613314
28/10/2021,-0.77610616,-0.394528963,-1.898730763,0.146261802,-0.025734611,0.070400305,-1.316976404,-1.380731398
01/11/2021,-0.641569455,-0.28169531,-2.034974264,0.138866274,-0.153709457,0.292984259,-1.390531429,-1.439566471
02/11/2021,-0.702168557,-0.266333459,-2.013466848,0.082992245,-0.202186468,0.290617274,-1.279987333,-1.456600011
04/11/2021,-0.780857614,-0.301616142,-2.038698367,0.063936804,-0.25179571,0.447216501,-1.277877362,-1.484720254
08/11/2021,-0.683710475,0.130920116,-1.87265543,-0.158388131,-0.337557763,0.487746447,-1.341574863,-1.525260172
09/11/2021,-0.708437133,0.117044983,-1.917236852,-0.217462558,-0.331508924,0.494847975,-1.337527994,-1.554555764
10/11/2021,-0.749028402,0.065602188,-1.957336199,-0.245699871,-0.258843399,0.45841824,-1.460656136,-1.497101362
11/11/2021,-0.754711909,-0.005191016,-2.023729844,-0.298373388,-0.279518337,0.508530554,-1.339844746,-1.467798244
15/11/2021,-0.816589046,-0.04536483,-2.1632038,-0.223239185,-0.378772068,0.487236943,-1.331265914,-1.526063557
16/11/2021,-0.874790507,-0.13612114,-2.22334859,-0.16349621,-0.41321229,0.57319214,-1.450050228,-1.58616561
17/11/2021,-0.824330514,-0.042507157,-2.24283218,-0.166179522,-0.419318658,0.637281111,-1.42603065,-1.57207385
18/11/2021,-0.785726651,0.050354606,-2.154726111,-0.120779119,-0.397953387,0.719959991,-1.589810688,-1.525354346
22/11/2021,-0.714731886,0.381030124,-2.25173105,-0.30682743,-0.344820832,0.841972898,-1.518877798,-1.505573293
24/11/2021,-0.488083945,0.380047321,-2.11271303,-0.237932706,-0.254633345,0.835096357,-1.360141246,-1.549741884
29/11/2021,-0.384079442,0.614270949,-2.105106913,-0.379302009,0.127524668,0.601419171,-1.274917203,-1.615429796
30/11/2021,-0.310667656,0.720237583,-1.986861703,-0.274037832,0.206677336,0.557823856,-1.154021977,-1.70946364
01/12/2021,-0.242925673,0.668611968,-2.015898861,-0.339541566,-0.024229513,0.348113266,-1.403223523,-1.535874077
02/12/2021,-0.225212629,0.632067111,-2.09388064,-0.425560475,0.099507216,0.711956921,-1.263043775,-1.699681377
06/12/2021,-0.079955133,0.755621284,-1.985701234,-0.320310977,-0.001111047,0.527726818,-1.289349671,-1.22875375
07/12/2021,-0.128027315,0.653038274,-1.983204079,-0.090795133,-0.287909682,0.236533525,-1.736334184,-1.362216711
08/12/2021,-0.13174027,0.649325319,-2.146985106,0.185960077,-0.214891443,0.210231868,-1.651480588,-1.549369191
09/12/2021,-0.160853188,0.576806026,-2.114553326,0.243155984,-0.205782404,0.293820379,-1.488453072,-1.739154998
13/12/2021,-0.065595474,0.661212485,-2.127027228,0.386076977,-0.111931377,0.354830857,-1.738785603,-1.497166739
14/12/2021,-0.062842995,0.750777443,-2.133649825,0.255334948,-0.043539919,0.42380386,-1.311820418,-1.354090664
15/12/2021,0.030200139,0.811265728,-2.083606982,0.123841293,-0.089976796,0.606056305,-1.641543819,-1.508430906
16/12/2021,0.014813034,0.795878622,-2.186812315,0.091125082,-0.201241915,0.486101628,-1.748605874,-1.430481193
20/12/2021,0.2527457,1.001256711,-2.040955436,-0.041934699,-0.007318439,0.358118287,-1.483222732,-1.288714896
21/12/2021,0.243344504,0.937597344,-2.205659346,-0.024981571,-0.143655865,0.332854098,-1.62220573,-1.488438052
22/12/2021,0.206521299,0.900774138,-2.24070897,-0.134051309,-0.268196581,0.340168685,-1.719888456,-1.505178282
23/12/2021,0.20255758,0.875107367,-2.260794644,-0.217481868,-0.346473003,0.334612973,-1.828816186,-1.474235256
29/12/2021,0.210960046,0.980921452,-2.343407642,-0.44553917,-0.426028366,0.305160153,-1.683340731,-1.574519501
30/12/2021,0.192948608,0.898053244,-2.37245678,-0.473837426,-0.442853149,0.290371017,-1.390676066,-1.631814587
04/01/2022,0.175516637,0.923774991,-2.547903722,-0.544392987,-0.650010129,0.4203724,-1.412541722,-1.600073925
05/01/2022,0.261356977,0.955609816,-2.555757803,-0.536945234,-0.734723352,0.406955136,-1.230171765,-1.51531092
06/01/2022,0.323321114,0.909058152,-2.394616084,-0.516547186,-0.552667444,0.840968825,-1.214228384,-1.587215277
11/01/2022,0.407346291,0.646084986,-2.367032005,-0.579364613,-0.457436451,0.679872868,-1.140498941,-1.542209693
12/01/2022,0.177544671,0.45968947,-2.455318666,-0.633265791,-0.534750334,0.544653987,-1.343566682,-1.570287928
13/01/2022,0.278302412,0.451931409,-2.481127315,-0.475576548,-0.482954249,0.676721246,-1.357794415,-1.420249334
18/01/2022,0.389109253,0.616743765,-2.374633957,-0.456451129,-0.386243669,0.713888084,-1.18452245,-1.360223921
19/01/2022,0.515092487,0.612507604,-2.167061267,-0.505711131,-0.442493951,0.473637632,-1.209379828,-1.232009555
20/01/2022,0.45695721,0.380746286,-2.244598042,-0.539847357,-0.472925466,0.156012108,-1.278018512,-1.128447654
24/01/2022,0.540129494,0.46391857,-2.100878232,-0.412766409,-0.115200116,0.821592494,-0.675182688,-1.098875762
25/01/2022,0.558514431,0.579968324,-1.99235892,-0.539096269,-0.187283878,0.577718351,-0.540945052,-0.969172227
26/01/2022,0.64316716,0.566956236,-1.950028491,-0.530786725,-0.394181983,0.402525195,-1.132274498,-0.909773958
27/01/2022,0.822313265,0.702696237,-1.768781959,-0.550175483,-0.152771382,0.230415362,-1.175674309,-0.874859472
31/01/2022,0.780239609,0.628320117,-1.878866627,-0.234163362,-0.11742685,0.477898931,-1.140174875,-1.297431477
07/02/2022,0.811335137,0.409828922,-2.019291349,-0.262008624,-0.131866333,0.327935669,-0.884583866,-1.233644825
08/02/2022,0.946734605,0.480119234,-1.850058622,-0.135532766,-0.1593955,0.541419253,-0.908491422,-1.215283504
09/02/2022,0.664976552,0.188014496,-1.893492978,-0.151665181,-0.306623224,0.177435052,-1.068785969,-1.246900089
10/02/2022,0.703562474,-0.065634982,-1.889141692,-0.19223902,-0.264481991,0.072147568,-1.074425456,-1.04021882
14/02/2022,0.687574853,0.264870968,-1.631737052,-0.34667127,0.093781632,0.306897713,-0.822594589,-1.036584518
15/02/2022,0.765738645,0.397040206,-1.6151923,-0.421834866,-0.089797361,0.250425001,-1.25828842,-1.073806056
16/02/2022,0.728757727,0.294950132,-1.67909652,-0.469597829,-0.068259506,0.248603374,-0.880266119,-1.150057836
17/02/2022,0.707993616,0.274186021,-1.559337187,-0.457843251,-0.042167132,0.193879384,-0.89917514,-0.884610227
24/02/2022,0.946606715,0.502957206,-1.570034763,-0.790252202,0.569575994,0.6523997,0.385641818,-1.046188504
28/02/2022,0.858533927,0.555954797,-1.618450901,-0.888736262,0.371614345,0.367250554,0.059692038,-1.12358278
01/03/2022,0.888253209,0.617976543,-1.719294597,-0.808451029,0.748542238,0.240502362,0.40552165,-1.138604014
02/03/2022,0.875472556,0.735414743,-1.664436652,-0.911681721,0.602665015,0.361280676,0.341799307,-1.229304346
03/03/2022,0.938443793,0.700722246,-1.616323058,-0.915537479,0.774577084,0.785790951,0.255348643,-1.33983883
07/03/2022,1.226187557,1.096981812,-1.321515876,-0.850298997,1.343690692,0.893549785,0.649687268,-1.348200414
08/03/2022,1.177980929,1.178994038,-1.25703534,-0.790077235,1.371435237,0.944557696,0.651788112,-1.228378451
09/03/2022,1.271073886,0.990703663,-1.292615901,-0.752308473,0.760985084,0.606225984,-0.028121129,-1.005218362
10/03/2022,1.20812473,0.916902981,-1.43864298,-0.691746461,1.020512726,0.839856701,0.40058813,-0.953008792
14/03/2022,1.394689248,1.450213185,-1.163259978,-0.708436137,0.786689497,0.828061521,0.258260265,-0.683434518
15/03/2022,1.502372203,1.536950043,-1.082699819,-0.734561563,0.808155091,0.796044591,0.266180892,-0.775221567
16/03/2022,1.238446465,1.218261835,-1.113272444,-0.889077051,0.472462719,0.729690151,-0.083982029,-0.900895815
17/03/2022,1.101494737,0.820871858,-1.415694234,-0.86830292,0.438152285,0.432717833,-0.12736229,-0.960414833
22/03/2022,1.068378086,0.636085415,-1.598849164,-0.931224189,0.370780894,0.179591697,-0.393967487,-1.063863774
23/03/2022,0.950538291,0.561651725,-1.747927457,-0.927368431,0.482821936,-0.108214529,-0.267172782,-0.95648077
24/03/2022,0.987339402,0.847281589,-1.690228956,-0.851126458,0.519690254,-0.078347251,-0.260576941,-1.060050519
28/03/2022,1.049846612,0.920640867,-1.713006487,-0.862317877,0.47178782,0.052917682,-0.356621322,-1.039082274
29/03/2022,0.927378328,0.852430755,-1.901917252,-0.936993724,0.180046703,-0.0102956,-0.233073264,-1.019187384
30/03/2022,0.885220653,0.766866434,-1.81858941,-0.806996032,0.252705744,-0.348981419,-0.482833983,-0.93019251
31/03/2022,0.842811713,0.832973837,-1.847340178,-0.831062874,0.370120025,-0.338914291,-0.354868658,-0.855916193
04/04/2022,0.852653085,0.615183653,-1.89423584,-0.917715557,0.267389369,-0.44235403,-0.424042353,-0.946199257
06/04/2022,1.155692142,0.733746227,-1.687247176,-1.107446723,0.601501129,-0.612550411,-0.257521097,-0.662423763
07/04/2022,1.177762288,0.810074002,-1.65407194,-1.12751127,0.654877826,-0.636285431,-0.208328287,-0.719817192
11/04/2022,1.802376587,0.978920959,-1.631513718,-1.224910204,0.519632726,-0.817330484,-0.285007143,-0.52700757
12/04/2022,1.727816905,0.947767381,-1.507395614,-1.256763548,0.546069566,-0.821898822,-0.239633872,-0.545926338
13/04/2022,1.65803163,0.932240278,-1.56822199,-1.273793049,0.539273566,-0.76711664,-0.207184451,-0.610902603
14/04/2022,1.769557373,0.891844115,-1.569606445,-1.21143579,0.471442653,-0.879062527,-0.265654683,-0.538680663
19/04/2022,1.983344829,1.029669805,-1.571631519,-1.1303646,0.54983413,-0.63512824,-0.258704782,-0.605209401
20/04/2022,1.605191645,1.053025793,-1.590441574,-1.218924085,0.420350231,-0.593604031,-0.39822279,-0.596955192
21/04/2022,1.646409208,0.899672301,-1.672223561,-1.169400319,0.290766009,-0.780418579,-0.492126478,-0.53199652
25/04/2022,1.885756533,1.128167557,-1.469772914,-1.370134862,0.672550793,-0.475425331,-0.10532682,-0.55632227
26/04/2022,2.095264294,1.109792189,-1.404381479,-1.283669682,0.722565621,-0.761070522,0.006898504,-0.371918559
27/04/2022,2.298170076,1.485061202,-1.185821564,-1.409776208,0.678470546,-0.866212583,-0.018212987,-0.347718082
28/04/2022,2.476752901,1.316645143,-1.398303939,-1.509004607,0.588124507,-0.850577955,-0.142565852,-0.444114184
10/05/2022,2.765866115,1.648659149,-1.267390914,-1.363543653,1.150240768,-0.574031061,0.155172643,-0.236497101
11/05/2022,2.64710057,1.595003843,-1.306387446,-1.272436758,0.930670406,-0.806564076,-0.04142418,-0.067921564
12/05/2022,2.674306445,1.644165426,-1.172702807,-1.174098696,1.021863928,-0.638599547,0.018110193,-0.105857547
16/05/2022,2.568377745,1.483978555,-1.270148151,-1.201908666,0.818543072,-1.139986747,-0.132224289,-0.085416863
17/05/2022,2.276501912,1.224910498,-1.308584806,-1.105074392,0.700122755,-1.068286577,-0.280431797,-0.185231486
18/05/2022,2.28646712,1.213172113,-1.385432196,-1.060755387,0.811114967,-1.084359304,-0.161242201,0.081699031
19/05/2022,2.49875655,1.360352386,-1.278974675,-1.301987395,0.926388793,-0.882878351,-0.077318829,-0.012514376
23/05/2022,2.454806149,1.035018111,-1.379363024,-1.285138647,0.689708895,-1.041755575,-0.273381296,0.106413445
24/05/2022,2.403504617,1.438472755,-1.360642833,-1.284539769,0.841434312,-0.999016527,-0.102370221,0.162800414
25/05/2022,2.43027846,1.421840494,-1.322375709,-1.470609855,0.776060258,-1.013490348,-0.161355866,0.260445382
26/05/2022,2.532571099,1.437320383,-1.273502071,-1.372431827,0.615225802,-1.023420526,-0.310767309,0.573060007
31/05/2022,2.134875953,1.072180356,-1.676663497,-1.563965414,0.531576141,-0.98596358,-0.415828466,0.739653591
01/06/2022,2.125274047,1.105984555,-1.644152125,-1.432882597,0.603285973,-0.866411865,-0.016908525,0.806447313
06/06/2022,1.774785857,0.853665953,-1.725104068,-1.339533787,0.416661514,-0.921014463,-0.462368658,0.734934438
07/06/2022,1.765737361,0.888024103,-1.768120272,-1.353606116,0.48624492,-0.892175953,-0.39735615,0.771640042
08/06/2022,1.608288817,0.752278611,-1.878313218,-1.373441118,0.560556132,-1.035832843,-0.166113591,0.772351671
09/06/2022,1.681753973,0.793188648,-1.849506125,-1.321683605,0.698416504,-0.91780895,-0.0007616,0.847994465
13/06/2022,1.700861294,1.018476587,-1.551156948,-1.372475647,1.181380096,-0.621579622,0.515494748,1.156728061
14/06/2022,1.73330058,1.018361295,-1.571695522,-1.41884854,1.285518781,-0.487121859,0.178227277,1.256479332
15/06/2022,1.774292525,0.950836897,-1.561740907,-1.539261054,1.170158664,-0.630469827,-0.126227421,1.29527527
16/06/2022,1.828415949,1.080921545,-1.587998648,-1.576305125,1.376898216,-0.301017381,0.172648378,1.338211026
21/06/2022,1.584263762,1.33442788,-1.605337005,-1.649032311,1.264225069,-0.294927273,0.317279953,1.117567615
22/06/2022,1.619849043,1.489380489,-1.581663278,-1.635853269,1.3332346,-0.137273553,0.416361282,1.418805285
23/06/2022,1.512655994,1.414742018,-1.493815996,-1.569259604,1.381079506,-0.120598885,0.571344927,1.191500502
27/06/2022,1.189771025,1.070406654,-1.689456763,-1.55127619,1.145474318,-0.456159594,0.388406857,1.064872146
28/06/2022,1.266736449,1.017153223,-1.72549774,-1.600524108,1.08985614,-0.529125207,0.357803514,1.115749385
29/06/2022,1.385380276,1.13579705,-1.636021374,-1.64849444,1.168218853,-0.60863892,0.510633402,0.979047144
30/06/2022,1.380512484,1.174335363,-1.502676821,-1.617970402,1.324283412,-0.338528614,0.657516123,0.884017912
05/07/2022,1.458362303,0.797680648,-1.624739725,-1.551610928,1.017304052,0.070572037,1.018252876,0.703650267
06/07/2022,1.240255009,1.023983858,-1.588162529,-1.589967435,0.848596001,-0.063182219,0.888936635,0.712220557
13/07/2022,2.11305216,0.942850845,-1.713779004,-1.515491028,0.722358916,-0.225621225,1.173802226,0.888548269
14/07/2022,2.093634852,0.955988657,-1.773315312,-1.509002805,0.844242127,-0.085054709,1.227284144,0.859610296
19/07/2022,2.075569407,0.981329316,-1.862866632,-1.610223057,0.433592409,-0.183436039,0.804495231,0.988080999
20/07/2022,1.99929978,0.916913962,-1.989257116,-1.657336415,0.457385775,-0.072071444,0.822174724,0.982709686
21/07/2022,1.963106927,1.005624111,-2.076506029,-1.688936195,0.433750961,-0.057632712,0.740988997,0.84098045
25/07/2022,2.057231652,1.084619053,-1.996815376,-1.610273868,0.38139433,0.03740119,1.446653855,0.784455769
26/07/2022,1.938123578,0.988220566,-2.012435273,-1.622510062,0.418894051,0.025834399,1.443884287,0.831839634
27/07/2022,1.936288332,1.054514084,-1.920396452,-1.751932296,0.352097937,-0.147899601,1.44984058,0.699824627
28/07/2022,1.995019905,1.067826481,-1.977624689,-1.738671385,0.235329791,-0.174288852,1.031740051,0.664626948
01/08/2022,1.771435584,1.19624104,-1.912417097,-1.721057134,0.095027154,-0.188778957,0.84720139,0.662564987
02/08/2022,1.803219298,1.33021817,-1.819001893,-1.694601757,0.13390684,-0.310872029,0.867556585,0.61995715
03/08/2022,1.645070543,1.308326941,-1.887773641,-1.688970295,0.044451781,-0.318545824,0.775004466,0.637322213
04/08/2022,1.553389486,1.193936296,-1.971637461,-1.696484199,-0.014930961,-0.424242397,1.45853793,0.612907293
08/08/2022,1.566735587,1.229991985,-2.064062185,-1.757816414,-0.030807236,-0.514369612,1.074915992,0.735010645
09/08/2022,1.612698935,1.090473073,-1.932425501,-1.826931151,0.01867581,-0.507858476,1.17707477,0.748705908
10/08/2022,1.666281763,1.200830142,-1.872787005,-1.777869229,-0.029370444,-0.482452679,1.066059914,0.59698221
15/08/2022,1.636244561,1.079954589,-2.180054331,-1.669727971,-0.096196023,-0.2897381,0.988678164,0.225242162
16/08/2022,1.729434307,1.139079682,-2.166107793,-1.67139207,-0.128710466,-0.276391277,0.926127094,-0.400604995
17/08/2022,1.726303087,1.113238875,-2.240658997,-1.723278317,-0.036381822,-0.368581814,1.115707384,-0.400085304
18/08/2022,1.66867392,1.157803122,-2.193857336,-1.706217786,-0.078163857,-0.382658088,1.068414218,-0.481357702
22/08/2022,1.89176289,1.187860327,-2.137989743,-1.704771918,0.178532995,-0.58151058,1.223455905,-0.368470877
23/08/2022,1.855491647,1.231072912,-1.972598212,-1.775297884,0.202556472,-0.608883477,1.352590659,-0.317084415
24/08/2022,1.898701153,1.372701045,-1.937285208,-1.844681124,0.167010593,-0.629911756,1.230486809,-0.35173627
25/08/2022,1.758811192,1.176036844,-2.03136666,-1.780004963,0.174481493,-0.570051168,1.667487031,-0.388614232
30/08/2022,1.718831609,1.181476436,-1.869494856,-1.634379383,0.420661277,-0.531520909,1.403684956,0.020726807
31/08/2022,1.762743752,1.179969404,-1.775027641,-1.615284627,0.542961214,-0.44759834,1.488089772,0.159045103
01/09/2022,1.999374049,1.280342174,-1.675062936,-1.616040515,0.673407652,-0.185319881,2.096756276,0.283354008
06/09/2022,1.962675222,1.391255939,-1.7685593,-1.644546715,0.572401427,-0.57330158,1.463687054,0.312342744
07/09/2022,1.995854202,1.594416916,-1.708953013,-1.676699463,0.570519145,-0.340641158,1.433900271,0.251416951
08/09/2022,2.015107763,1.409793918,-1.809250666,-1.668866782,0.541812061,-0.380271122,1.441692861,0.262303739
13/09/2022,1.871009736,1.277050414,-1.726211875,-1.59823973,0.369698644,-0.712846076,1.251296664,0.543065321
14/09/2022,1.892318991,1.411907607,-1.546290135,-1.677019316,0.403146862,-0.472295303,1.35896036,0.485626602
15/09/2022,1.8689092,1.388497817,-1.515229331,-1.622880613,0.495920996,-0.359812523,1.721160215,0.380999558
20/09/2022,1.854006862,1.271742244,-1.435505014,-1.621886742,0.752201122,-0.025015295,1.624087092,0.540576638
21/09/2022,1.903260086,1.207786696,-1.453779123,-1.639063994,0.677689265,-0.172545286,1.559655976,0.722482101
26/09/2022,1.762378765,1.37348508,-1.115009729,-1.522112358,1.054042581,0.041391885,1.920361006,0.706434374
27/09/2022,1.760925535,1.37203185,-1.114756767,-1.562401792,1.076413887,-0.090113848,1.979387152,0.429862738
28/09/2022,1.841393707,1.543338372,-1.050934279,-1.579177859,1.060336265,-0.001748105,1.950221607,0.222682433
29/09/2022,1.797160886,1.567234586,-0.985878478,-1.608692065,1.186974641,0.134186944,2.089177822,0.189486324
03/10/2022,1.810081123,1.353568405,-1.199912089,-1.717659662,1.018467938,0.11805622,1.932695627,0.212235486
05/10/2022,1.685577027,1.149410661,-1.38729991,-1.734384705,0.743595101,0.00546958,1.726867762,0.135266722
06/10/2022,1.684180011,1.170723233,-1.463217748,-1.719576628,0.814055456,0.094358984,1.993764375,0.197224776
11/10/2022,1.924972585,1.581668166,-1.020328944,-1.599230348,0.962360774,0.248913267,1.925491613,0.366672127
12/10/2022,1.961888572,1.618584153,-0.899397347,-1.565529897,0.983524698,0.34760871,1.957593506,0.24647926
13/10/2022,1.992793162,1.706262713,-0.972472071,-1.678598078,0.896283056,0.614880166,1.834965868,0.174828496
17/10/2022,1.952596624,1.643356587,-1.001295541,-1.738585511,0.66428388,0.547865465,1.638669539,0.292289828
18/10/2022,1.856441731,1.558556488,-1.044671158,-1.767445663,0.626438993,0.505462068,1.560686147,0.150293847
19/10/2022,1.969806826,1.671921582,-1.100834298,-1.7112571,0.664197588,0.544679017,1.576874276,0.195646357
20/10/2022,1.955272536,1.736870849,-1.003024453,-1.810088424,0.597846964,0.340019772,1.559482212,0.348014262
24/10/2022,2.26434271,2.045941023,-1.255050212,-1.676516295,0.533967231,0.425065016,1.449751641,0.026616452
25/10/2022,2.336716145,2.129499432,-1.286953385,-1.678986555,0.362716029,0.414320719,1.342264005,0.051451467
26/10/2022,2.305322267,2.404006182,-1.404214344,-1.575802105,0.325703892,0.556598182,1.010849394,0.068899027
27/10/2022,2.365164603,2.373009896,-1.385374628,-1.476214354,0.372083944,0.587937517,0.921914008,-0.029988839
31/10/2022,2.005692172,2.581277699,-1.328319333,-1.450565253,0.339410948,0.966570636,1.679674671,-0.130587903
01/11/2022,1.948709459,2.365327872,-1.482967104,-1.428629572,0.251076979,0.751402499,1.177304933,-0.015048643
02/11/2022,1.832816006,2.260789213,-1.489584226,-1.400677629,0.324885173,0.672421914,1.232156827,0.141204075
07/11/2022,1.752986174,1.965387847,-1.394809493,-1.4200917,0.1241222,0.783975175,1.047012087,-1.37E-05
08/11/2022,1.797900642,1.976237934,-1.551451102,-1.29045091,0.088360241,0.766735638,0.943174463,0.005799413
09/11/2022,1.808360263,2.03211673,-1.627327826,-1.190594656,0.104064634,0.732497792,0.958178254,-0.318251213
10/11/2022,1.840938407,2.11011432,-1.554420214,-1.310637044,-0.077345138,0.803829564,1.108965881,-0.742866132
14/11/2022,1.692298645,1.677604441,-1.799417305,-1.064281524,-0.152546628,0.470008936,0.761256009,-0.675278673
15/11/2022,1.534372987,1.474259337,-1.804474879,-0.984543994,-0.199228349,0.572527681,2.027962952,-0.735031907
16/11/2022,1.536016938,1.498612876,-1.913000043,-1.007453793,-0.149745304,0.530630204,1.600477954,-0.654608025
17/11/2022,1.561212435,1.557873026,-1.715452402,-0.986410686,-0.10506092,0.469343506,1.054707453,-0.545745867
21/11/2022,1.557220559,1.667429088,-1.734629454,-0.83246504,-0.188869132,0.456324701,1.607708214,-0.394816748
22/11/2022,1.91751881,1.732502157,-1.725751653,-0.842819331,-0.222029712,0.308640255,1.579332445,-0.428412862
28/11/2022,2.191519261,1.768052207,-1.673302945,-0.942220123,-0.233050499,0.050049204,1.081282335,-0.339811158
29/11/2022,2.03883419,1.433859984,-1.629534046,-1.00093072,-0.238467234,-0.076439969,1.519257067,-0.3304043
30/11/2022,2.019329198,1.323516641,-1.655384663,-0.934757993,-0.338438659,-0.027128757,1.072131642,-0.529855817
01/12/2022,1.832586454,1.284385947,-1.807682635,-0.92880764,-0.360594587,-0.07575337,1.42905272,-0.440271464
05/12/2022,1.953457685,1.064613362,-1.797344475,-0.923847155,-0.278682688,-0.36993601,3.030001847,-0.374977853
06/12/2022,1.96377808,1.086288281,-1.832516935,-0.931411332,-0.378756253,-0.283781777,2.313654468,-0.373446062
07/12/2022,1.946811656,1.262353623,-1.717855228,-0.850766017,-0.339675219,-0.314113737,1.163004915,-0.491071913
08/12/2022,1.88175014,1.163057905,-1.691097054,-0.897659857,-0.320594925,-0.232709805,1.160751211,-0.655321338
12/12/2022,1.821209142,1.238604884,-1.697738338,-1.041972789,-0.325249767,-0.049443008,1.132609305,-0.605016737
13/12/2022,1.670397143,1.201340824,-1.6870007,-1.027488661,-0.460926326,-0.138262945,1.004670763,-0.646275574
14/12/2022,1.66003776,1.179626377,-1.780962989,-0.935067939,-0.440538326,-0.189412289,1.029882201,-0.561528777
15/12/2022,1.66624782,1.265320265,-1.695937897,-0.875012657,-0.141656744,-0.19929522,1.346932654,-0.46367658
19/12/2022,1.568489858,1.269755717,-1.487721311,-0.87560987,-0.070564284,-0.124720365,1.375937501,-0.125956305
20/12/2022,1.595595465,1.3422805,-1.421211829,-0.939521938,-0.037719406,-0.083708732,1.41487563,-0.211951745
