,LOCATION,Year,Rail KM (mil),Bus KM (mil),Rail Infrastructure Investment,Population,Country,Satisfaction,Rail Investment per capita,Rail KM per capita,Bus KM per capita
0,PRT,2000,3834.0,11821.0,491900495.66952,10289898.0,Portugal,,47.804214936777804,372.59844558225944,1148.7966158653855
1,PRT,2001,3899.0,11159.0,497709630.77185,10362721.5,Portugal,,48.02885330575081,376.252512431218,1076.8406735624421
2,PRT,2002,3926.0,9936.0,619500267.55334,10419630.5,Portugal,,59.455109041855174,376.7887930382944,953.5846784586075
3,PRT,2003,3585.0,10537.0,826000552.05348,10458821.0,Portugal,,78.9764498363133,342.7728613005233,1007.4749343162102
4,PRT,2004,3633.0,10773.0,553253069.89655,10483861.0,Portugal,,52.771881456321296,346.5326371648766,1027.5794385293739
5,PRT,2005,3753.0,10830.0,459350268.41552,10503330.0,Portugal,,43.733774756721914,357.31525144882625,1031.1015649322644
6,PRT,2006,3876.0,10557.0,327132264.80761,10522288.0,Portugal,60.0,31.089461228167295,368.36094963376786,1003.298902291973
7,PRT,2007,3987.0,10878.0,344394431.06877,10542963.5,Portugal,,32.665808913098296,378.1669167307655,1031.778209229312
8,PRT,2008,4213.0,10937.0,389339513.45451,10558176.5,Portugal,64.0,36.875639790120005,399.0272373264455,1035.8796331923415
9,PRT,2011,4143.0,5850.0,314299197.73478,10557559.5,Portugal,62.0,29.770061701738932,392.420236892816,554.1053308768944
10,PRT,2012,3803.0,5850.0,78779828.699675,10514843.5,Portugal,49.0,7.4922492854672536,361.67918238630944,556.3563547094162
11,PRT,2013,3649.0,6023.0,65370008.056163,10457295.0,Portugal,58.0,6.251139329641461,348.94301059690866,575.9615655865116
12,PRT,2014,3852.0,5657.0,112298214.18149,10401061.5,Portugal,57.0,10.796803209123416,370.3468150822875,543.8867946314903
13,PRT,2015,3957.0,6575.0,177000000.0,10358076.0,Portugal,52.0,17.08811559212348,382.0207536612012,634.770395583118
14,PRT,2016,4146.0,7612.0,80388715.052533,10325451.5,Portugal,54.0,7.785491516040049,401.5320782824848,737.2074722349913
15,PRT,2017,4391.0,7415.0,108044396.42471,10300300.0,Portugal,55.0,10.489441707980351,426.29826315738376,719.8819451860626
16,PRT,2018,4487.0,7925.7121202886,126647051.25795,10283822.0,Portugal,54.0,12.315173411009058,436.3163812053534,770.6971318920728
17,PRT,2019,4964.014,7941.3751576926,207873864.1256,10286263.0,Portugal,52.0,20.208880924549568,482.5867275608255,772.0369543042599
18,PRT,2020,2552.0,3939.4622697072,219159887.17223,10297080.5,Portugal,55.0,21.28369173886035,247.83723891446706,382.580506164558
19,AUS,2000,11552.161964256,16996.687027571,757868995.44419,19028802.0,Australia,,39.82746761694141,607.0882425628266,893.2084651241313
20,AUS,2001,12149.624986664,17264.66210232,724221545.43881,19274701.0,Australia,,37.573685082783385,630.3405166525799,895.7162086363882
21,AUS,2002,12005.65718487,17352.3028602,1238987079.9257,19495210.0,Australia,,63.55341029543667,615.8259995593789,890.0803253824914
22,AUS,2003,12021.773106727,17688.911977734,1350204821.8554,19720737.0,Australia,,68.46624554931188,609.600599953592,896.9701273199879
23,AUS,2004,12087.046535813,17761.560590695,1856974879.826,19932722.0,Australia,,93.1621320874289,606.392169409326,891.0755184713357
24,AUS,2005,12062.893352373,17841.671881043,2285346585.5415,20176844.0,Australia,,113.26581032898406,597.8582850902252,884.2647482947779
25,AUS,2006,12590.874021192,18269.144800451,1864551378.131,20450966.0,Australia,50.0,91.17179981283036,615.661579076118,893.3145163143394
26,AUS,2007,13212.731578192,18531.899894518,2720924734.6333,20827622.0,Australia,49.0,130.6402014897956,634.3850286024973,889.775121447758
27,AUS,2008,14276.384048686,18884.73740848,2409035895.198,21249199.0,Australia,47.0,113.37066847545641,671.8551625727633,888.7270248859734
28,AUS,2009,15004.14159834,19242.576039048,3198742609.4499,21691653.0,Australia,,147.4642162794094,691.7011625780664,887.0958814917425
29,AUS,2010,14992.79186061,19540.963097492,3977537370.5937,22031750.0,Australia,54.0,180.53660606142046,680.5084417084435,886.9455716178697
30,AUS,2011,15275.793628,19929.455577663,5055885879.2022,22340024.0,Australia,49.0,226.31514984953463,683.7859094511268,892.0964264704014
31,AUS,2012,15568.963881337,20412.515568053,5747460245.2414,22733465.0,Australia,53.0,252.8193676257183,684.8478171425693,897.9060415142611
32,AUS,2013,15543.667841316,20774.536578772,4684787593.891,23128129.0,Australia,54.0,202.5580017255611,672.067673148831,898.2367998194752
33,AUS,2014,15571.083308422,21167.547179332,4323613142.9281,23475686.0,Australia,52.0,184.17409156555,663.2855503529055,901.6796007295378
34,AUS,2015,16016.860652115,21301.074915364,2796273621.706,23815995.0,Australia,57.0,117.41158081810144,672.5253617207679,894.4020569102403
35,AUS,2016,16503.758569102,21632.606525194,2578743510.0758,24190907.0,Australia,54.0,106.59970335447943,682.229838224007,894.2453676992765
36,AUS,2017,17039.193726877,22094.211143714,3674914482.8462,24601860.0,Australia,59.0,149.37547335226685,692.5977843495167,898.0707614673851
37,AUS,2018,18020.934471189,22533.368789974,4981218952.0275,24982688.0,Australia,53.0,199.38682947277331,721.3368902172977,901.9593404030022
38,JPN,2000,384287.0,81582.0,7739531938.5165,126925843.0,Japan,,60.97680153691396,3027.6497749949945,642.7532649911177
39,JPN,2001,385402.0,81240.0,8161436645.4376,127291000.0,Japan,,64.11636836412315,3027.7238767862614,638.2226551759354
40,JPN,2002,382239.0,82388.0,8475343470.0549,127435000.0,Japan,,66.50718774320163,2999.4820889080706,646.5099854827952
41,JPN,2003,385012.0,83085.0,7730599682.1799,127619000.0,Japan,,60.5756171273862,3016.8862003306717,651.039422029635
42,JPN,2004,385163.0,83151.0,6481659568.8668,127687000.0,Japan,,50.76209456614065,3016.4621300523936,651.2095984712618
43,JPN,2005,391215.0,84266.0,6340775962.7021,127767994.0,Japan,,49.62726395079898,3061.9170556908016,659.5235423356494
44,JPN,2006,395908.0,84075.0,7400526989.6635,127900515.0,Japan,69.0,57.86158867040918,3095.4371059412856,657.3468449286541
45,JPN,2007,405544.0,83082.0,8186561789.7995,128032743.0,Japan,67.0,63.94115753498697,3167.5022380798323,648.9121302353102
46,JPN,2008,404585.0,83831.0,7979256575.3587,128083960.0,Japan,60.0,62.29707900473018,3158.7483709904036,654.5003761595128
47,JPN,2009,393765.0,81360.0,9192312140.4109,128031514.0,Japan,62.0,71.79726188671721,3075.5318569457827,635.4685456582198
48,JPN,2010,393466.0,77750.0,9893279484.6242,128057352.0,Japan,63.0,77.25663017476889,3072.5764187283835,607.1498339275358
49,JPN,2011,395067.0,73988.0,8672332737.8975,127834233.0,Japan,64.0,67.84045661616712,3090.463256426782,578.7808027916903
50,JPN,2012,404396.0,75668.0,9337488066.0567,127592657.0,Japan,,73.1820175674898,3169.430040162891,593.0435322778802
51,JPN,2013,414387.0,74571.0,9216997749.7755,127413888.0,Japan,58.0,72.33903536304848,3252.2906765077287,585.2658699183562
52,JPN,2014,413970.0,72579.0,9243008214.0023,127237150.0,Japan,60.0,72.64394254352837,3253.530906657372,570.4230250363199
53,JPN,2015,427486.0,71443.0,8880164753.4196,127094745.0,Japan,55.0,69.87043212069547,3363.522229026857,562.1239493418866
54,JPN,2016,431799.0,70119.0,8198396357.094,126932772.0,Japan,59.0,64.5884922224341,3401.792879777336,552.4105311432102
55,JPN,2017,437363.0,69815.0,12777134453.384,126706210.0,Japan,56.0,100.84063325218236,3451.7881957009054,550.9990394314533
56,JPN,2018,441614.0,70101.0,14678869798.018,126443180.0,Japan,56.0,116.0906408555843,3492.588528697238,554.4071257935778
57,JPN,2019,435063.0,65556.0,15855972958.944,126166948.0,Japan,58.0,125.6745384610873,3448.3119937243787,519.597256168866
58,USA,2000,25977.28144892,258973.0,9801352445.7761,282162411.0,United States,,34.7365632829672,92.064996740193,917.8153783212464
59,USA,2001,25198.095303748,241470.0,9294153215.0614,284968955.0,United States,,32.61461661696236,88.42400149780526,847.355460176355
60,USA,2002,24409.622511445,233554.0,8897146175.7109,287625193.0,United States,,30.93312544326011,84.86607955599007,812.0081470053981
61,USA,2003,25044.071809908,231425.0,10322721219.495,290107933.0,United States,,35.58234727588439,86.32673898616899,797.7203436212136
62,USA,2004,24776.56200888,232049.0,8689162374.4358,292805298.0,United States,,29.67556404814711,84.61787467001365,792.502736750344
63,USA,2005,25393.591629483,238170.0,7903318435.945,295516599.0,United States,,26.744076179439922,85.92949335303834,805.9445757224622
64,USA,2006,27296.432407703,231449.0,9435468464.4897,298379912.0,United States,51.0,31.6223314138175,91.4821384078396,775.6855964217859
65,USA,2007,30357.906712861,495280.0,9663036932.9735,301231207.0,United States,54.0,32.07847231104943,100.7794212797514,1644.1855574412648
66,USA,2008,32143.406016433,505782.0,9481264324.1209,304093966.0,United States,44.0,31.178732182146945,105.70221579612993,1663.2424728874757
67,USA,2009,30906.931637514,490873.0,9997651933.5196,306771529.0,United States,55.0,32.58989504700614,100.74902236939334,1600.1256752871614
68,USA,2010,31871.671919151,469790.0,9285078914.1052,309327143.0,United States,56.0,30.01701959955451,103.03548408343524,1518.7480653775024
69,USA,2011,32579.510200833,471080.0,10146365072.628,311583481.0,United States,61.0,32.563873540613024,104.56109578168876,1511.8901633941243
70,USA,2012,34125.70065511,504300.0,11588121106.947,313877662.0,United States,57.0,36.91922844431981,108.72293503674051,1606.6769351684543
71,USA,2013,36047.104941171,517466.0,11202105228.382,316059947.0,United States,57.0,35.44297635531148,114.05148068689323,1637.2400391499148
72,USA,2014,36393.106488533,545852.0,12826289351.956,318386329.0,United States,58.0,40.285301797477615,114.30486542194781,1714.4329083300559
73,USA,2015,36043.875681391,553731.818112,15687635183.85,320738994.0,United States,56.0,48.91090724020292,112.37759161080052,1726.4250012332457
74,USA,2016,35892.157355569,557814.0,12686238353.917,323071755.0,United States,57.0,39.267556378975314,111.09654991526263,1726.5947622069284
75,USA,2017,33256.0,587765.0,11446419705.766,325122128.0,United States,60.0,35.206523087736436,102.28771632547877,1807.8283493518472
76,NOR,2000,3353.0,6259.0,563051995.96638,4490973.0,Norway,,125.37416634800076,746.6088083807228,1393.6846202370846
77,NOR,2001,3272.0,6237.0,297592001.90265,4513747.0,Norway,,65.93014670575245,724.8966324430678,1381.7788192382072
78,NOR,2002,2989.0,6134.0,258376759.70763,4538157.0,Norway,,56.93429286550245,658.637416025933,1351.6500200411754
79,NOR,2003,2896.0,5880.0,281539635.28377,4564856.0,Norway,,61.675469124057805,634.4121260342057,1288.1019686053623
80,NOR,2004,2683.457775,5967.0,314824497.5916,4591909.0,Norway,,68.56070048243552,584.3882740272074,1299.4595493943805
81,NOR,2005,2723.402598,5939.0,252216553.36734,4623293.0,Norway,,54.553443480077945,589.0612163235166,1284.5822231037487
82,NOR,2006,2832.39148,5894.0,325008793.1301,4660673.0,Norway,62.0,69.7343051379275,607.7215629588259,1264.624229161754
83,NOR,2007,2957.95521,6077.0,365848875.82509,4709156.0,Norway,,77.68884186998477,628.1285245169198,1290.4647881701094
84,NOR,2008,3106.985939,6147.0,321687049.74202,4768215.0,Norway,45.0,67.46487936093905,651.6035747129691,1289.1616674164231
85,NOR,2009,3080.143787,6208.0,421776888.89495,4828716.0,Norway,,87.34762800192638,637.880502187331,1285.6419801868653
86,NOR,2010,3134.383471,5631.0,500925747.33547,4889253.0,Norway,,102.45445415393108,641.0761461924757,1151.7096783496374
87,NOR,2011,3075.974123,5672.0,538917541.70653,4953089.0,Norway,,108.80433234826387,621.0213713099038,1145.1439697530168
88,NOR,2012,3091.569419,5781.0,605734967.88902,5018574.0,Norway,54.0,120.69862233555189,616.0254723752205,1151.920844447048
89,NOR,2013,3260.0,5817.0,762888627.77827,5080171.0,Norway,,150.169871797282,641.7106825734803,1145.040196481575
90,NOR,2014,3440.0,5985.0,1158886424.384,5137427.0,Norway,55.0,225.5772051620393,669.5958891484006,1164.9800571375515
91,NOR,2015,3555.0,6398.0,1281411812.0715,5189898.0,Norway,57.0,246.90500893688085,684.9845603902043,1232.779526688193
92,NOR,2016,3695.0,6621.0,1491778225.0527,5236152.0,Norway,58.0,284.89971739794794,705.6708819759243,1264.4781893268187
93,NOR,2017,3584.0,6720.0,1332255325.2789,5276965.0,Norway,62.0,252.46620458519243,679.1782776652867,1273.4592706224128
94,NOR,2018,3722.0,7117.0,1379130504.9577,5311916.0,Norway,57.0,259.629577154025,700.6887910125084,1339.8178736260136
95,NOR,2019,3715.0,7587.0,1632090237.4393,5347893.0,Norway,60.0,305.1837868557393,694.6661049501178,1418.6895661525016
96,NOR,2020,1804.0,5975.0,1760517788.5026,5379472.0,Norway,66.0,327.26590797435136,335.3488966946942,1110.7038014139678
97,HUN,2000,9693.0,18442.0,309748377.66672,10210965.0,Hungary,,30.334878012677546,949.2736484749482,1806.097660701021
98,HUN,2001,10005.0,18326.0,324871282.80604,10187578.0,Hungary,,31.88896151823721,982.0783703447473,1798.8573927973853
99,HUN,2002,10531.0,18402.0,359325377.05341,10158610.0,Hungary,,35.37151018233892,1036.65757421537,1811.468301273501
100,HUN,2003,10286.0,18605.0,357029692.24887,10129554.0,Hungary,,35.24633880710543,1015.4445101926501,1836.7047552142967
101,HUN,2004,10544.0,18408.0,187487270.56825,10107140.0,Hungary,,18.549982543850188,1043.2229097449922,1821.2867339326456
102,HUN,2005,9880.0,17235.0,195604475.07969,10087064.0,Hungary,,19.39161633947103,979.4723221742223,1708.6240356956196
103,HUN,2006,9584.0,17315.0,103863902.20651,10071374.0,Hungary,55.0,10.312783757857668,951.6079931099769,1719.2291736956645
104,HUN,2007,8752.0,16501.0,384679671.39091,10055778.0,Hungary,53.0,38.25459068317837,870.3453874976158,1640.9471251254752
105,HUN,2008,8293.0,16979.0,288169006.61272,10038186.0,Hungary,59.0,28.70727904550882,826.1452816275769,1691.4410631562316
106,HUN,2009,8073.0,16081.0,331177662.18958,10022647.0,Hungary,,33.042933886585054,805.4758388677163,1604.466365023132
107,HUN,2010,7692.0,16250.0,273426932.00777,10000020.0,Hungary,61.0,27.34263851549997,769.1984616030768,1624.9967500065
108,HUN,2011,7806.0,16259.0,346983949.42284,9958824.0,Hungary,58.0,34.84185978413114,783.8274880648559,1632.622486349794
109,HUN,2012,7806.0,16868.0,474506997.49841,9920364.0,Hungary,56.0,47.83161157175382,786.8662883740959,1700.3408342677749
110,HUN,2013,7843.0,16965.0,626767126.6117,9893083.0,Hungary,62.0,63.354075429438936,792.776124490212,1714.8344959806766
111,HUN,2014,7738.0,17440.677,640484197.63175,9866466.0,Hungary,61.0,64.91525918517836,784.2727071678958,1767.6721330616251
112,HUN,2015,7609.161,17617.7766,701286715.76892,9843025.0,Hungary,59.0,71.24707249742025,773.0510691581094,1789.8742104180371
113,HUN,2016,7653.455,17622.8781,315974819.85475,9814026.0,Hungary,68.0,32.19624849727828,779.8486574215311,1795.682842087437
114,HUN,2017,7730.982,18100.0,507763403.97584,9787969.0,Hungary,64.0,51.87627831431015,789.8453703725461,1849.2089625539272
115,HUN,2018,7769.56,18659.9888,689818956.52665,9775566.0,Hungary,57.0,70.56562827427588,794.7938768967443,1908.8397336788478
116,HUN,2019,7751.606,18721.7609,704668359.04377,9771142.0,Hungary,63.0,72.11729796207752,793.3162776674416,1916.0258749693742
117,HUN,2020,4854.225,13229.163,579624281.30068,9750153.0,Hungary,61.0,59.447711364188855,497.86141817466864,1356.815939196031
118,CAN,2000,1548.0,30000.0,714568192.71289,30685730.0,Canada,,23.286661021683045,50.44690154022733,977.6531306245606
119,CAN,2001,1553.0,23000.0,551743911.17254,31020902.0,Canada,,17.78619819541482,50.06301879938888,741.4355649619731
120,CAN,2002,1596.0,23000.0,558804337.93395,31360079.0,Canada,,17.81897098964419,50.89272893732188,733.4165197734355
121,CAN,2003,1433.0,22000.0,637400776.02681,31644028.0,Canada,,20.142845785208195,45.28500606812761,695.2338684569487
122,CAN,2004,1413.0,20368.0,462368899.79372,31940655.0,Canada,,14.475874079405072,44.238291293650676,637.6826023135718
123,CAN,2005,1478.0,18736.0,694380364.03685,32243753.0,Canada,,21.535345591961644,45.83833649885607,581.0737974577587
124,CAN,2006,1450.0,17103.0,667283750.62941,32571174.0,Canada,58.0,20.48694193919476,44.51789180211926,525.0962093045832
125,CAN,2007,1453.0,15471.0,752462380.7544,32889025.0,Canada,56.0,22.878829054810836,44.1788712191985,470.4000802699381
126,SWE,2000,8243.0,9618.0,852125836.34704,8872112.0,Sweden,,96.04543273879321,929.0910664788722,1084.0710757483675
127,SWE,2001,8732.0,9630.0,846186691.90275,8895963.0,Sweden,,95.12030253529045,981.5688307156853,1082.5134951662906
128,SWE,2002,8874.0,9721.0,970530589.22387,8924960.0,Sweden,,108.74341052776371,994.2901704881591,1089.1925566052957
129,SWE,2003,8834.0,9762.0,923157370.14216,8958232.0,Sweden,,103.05129071698077,986.1320849917707,1089.7239544588708
130,SWE,2004,8658.0,9717.0,1496859879.6396,8993534.0,Sweden,,166.4373403869491,962.6916404608022,1080.4429048692093
131,SWE,2005,8936.0,9727.0,1742248723.0108,9029567.0,Sweden,,192.94931008439275,989.6377090950208,1077.2388089041258
132,SWE,2006,9617.0,9814.0,1579407975.9807,9080506.0,Sweden,65.0,173.93391689633816,1059.081949838478,1080.7767760959578
133,SWE,2007,10261.0,9932.0,1713654421.3494,9148093.0,Sweden,62.0,187.3236773335601,1121.6545349943426,1085.6907554394124
134,SWE,2008,11146.0,9692.0,1799046041.6835,9219639.0,Sweden,59.0,195.13193973034086,1208.941044220929,1051.234218606607
135,SWE,2009,11321.0,9763.0,1957650788.7246,9298512.0,Sweden,61.0,210.53377021233075,1217.5066290176321,1049.9529387067523
136,SWE,2010,11155.0,9922.0,1857772456.7187,9378131.0,Sweden,56.0,198.09623652289565,1189.4694156010403,1057.9933251092355
137,SWE,2011,11378.0,10262.0,1627743993.7885,9449216.0,Sweden,59.0,172.26233306429867,1204.12106147219,1086.016025033188
138,SWE,2012,11792.0,10101.0,1517608804.9362,9519379.0,Sweden,63.0,159.42308893638963,1238.7362663047663,1061.098628387419
139,SWE,2013,11842.0,10316.0,1317409397.4439,9600374.0,Sweden,62.0,137.22479951759172,1233.4936118113733,1074.541470988526
140,SWE,2014,12121.0,10290.0,1459889825.4178,9696105.0,Sweden,60.0,150.56456437072413,1250.0895978333567,1061.2508837311477
141,SWE,2015,12650.0,10439.0,1630006948.5274,9799183.0,Sweden,61.0,166.34110706243573,1290.9239474352096,1065.2928922747947
142,SWE,2016,12800.0,10507.0,1497792913.1618,9923086.0,Sweden,64.0,150.94023302446436,1289.9213006921436,1058.84399268534
143,SWE,2017,13331.0,10647.0,1509197373.4346,10057695.0,Sweden,64.0,150.0540007859256,1325.452800069996,1058.5924508547932
144,SWE,2018,13546.798247255,10730.0,1452902086.7386,10175215.0,Sweden,65.0,142.78834272677284,1331.3525313474947,1054.5231722376382
145,SWE,2019,14617.207234121,10871.0,1720207630.3875,10278888.0,Sweden,63.0,167.3534754330916,1422.0611445635948,1057.6046747469181
146,SWE,2020,8129.0,9530.0,2086859426.398,10353444.0,Sweden,71.0,201.56185964766894,785.1493667228026,920.4666582443484
147,MEX,2000,82.0,381700.0,442144194.36886,98785275.0,Mexico,,4.47581073564719,0.8300832284973646,3863.9361989932204
148,MEX,2001,67.0,389329.0,339374225.66475,100105299.0,Mexico,,3.3901724389709877,0.6692952388064891,3889.1947168550987
149,MEX,2002,69.0,393200.0,324487128.84052,101493987.0,Mexico,,3.197106926546496,0.6798432305157152,3874.121133895351
150,MEX,2003,78.0,399000.0,248733432.29602,102890474.0,Mexico,,2.417458318794605,0.7580876729171254,3877.910019152988
151,MEX,2004,74.0,410000.0,252560734.06407,104272444.0,Mexico,,2.4221234717014015,0.7096793473067534,3932.007194537418
152,MEX,2005,73.0,422915.0,267213859.25125,105669369.0,Mexico,,2.528773113533497,0.6908340675337997,4002.247803713108
153,MEX,2006,76.0,436999.0,422521747.49532,107155391.0,Mexico,63.0,3.943075038523447,0.7092503633344962,4078.18025693173
154,MEX,2007,84.0,449917.0,663174920.69222,108744845.0,Mexico,65.0,6.098449270788146,0.7724504090285843,4137.363936653733
155,MEX,2008,178.0,463865.0,602397341.3276,110405454.0,Mexico,64.0,5.456228107423026,1.612239192458735,4201.468162976804
156,MEX,2009,449.0,436900.0,586389066.353,112095388.0,Mexico,65.0,5.231161395801584,4.00551715829736,3897.5733774167406
157,MEX,2010,843.0,452033.0,496768663.64339,113748671.0,Mexico,58.0,4.367248067833601,7.411075598412926,3973.962913377687
158,MEX,2011,891.0,465600.0,724202901.28136,115367452.0,Mexico,56.0,6.277358897389535,7.723148813237203,4035.8003226074543
159,MEX,2012,970.0,480690.0,619822001.76295,116935670.0,Mexico,63.0,5.300538336702137,8.295159210187961,4110.721732727063
160,MEX,2013,1036.0,484776.0,723848566.42023,118453929.0,Mexico,61.0,6.110802508038632,8.746016352062075,4092.527821512784
161,MEX,2014,1150.0,494128.0,1028885758.6582,119936411.0,Mexico,57.0,8.578593857191542,9.588414313981765,4119.916511425376
162,MEX,2015,1411.0,508498.0,1150139165.7925,121347800.0,Mexico,54.0,9.478038874973423,11.627734495392582,4190.417955661331
163,MEX,2016,1481.0,518368.0,1510542350.6389,122715165.0,Mexico,58.0,12.30933724156179,12.068598041651983,4224.15599571577
164,MEX,2017,1550.0,528694.0,1784497777.2495,124041731.0,Mexico,60.0,14.386269547056708,12.495794661233807,4262.226879113772
165,MEX,2018,1591.0,538603.0,1594124057.6531,125327797.0,Mexico,61.0,12.719636790975429,12.6947096979611,4297.554197015049
166,MEX,2019,1571.0,535699.0,805680659.92895,126577691.0,Mexico,63.0,6.365107891950328,12.411349800969273,4232.175478694741
167,MEX,2020,523.0,326498.0,437340702.14334,127792286.0,Mexico,60.0,3.422277790252066,4.092578796188058,2554.911647796957
168,DEU,2000,75404.0,69000.0,6419642533.0058,82211501.0,Germany,,78.08691551569896,917.1952717418454,839.2986280593515
169,DEU,2001,75754.0,68700.0,6548230627.703,82349926.0,Germany,,79.51714040038118,919.9036803020321,834.2448298010614
170,DEU,2002,71366.0,67500.0,8764259451.3057,82488493.0,Germany,,106.24826727414816,865.1630961423916,818.295953109484
171,DEU,2003,71293.0,67500.0,8405726313.8308,82534175.0,Germany,,101.8454029961625,863.7997532537279,817.8430329012194
172,DEU,2004,72879.0,82793.0,7366338455.8756,82516268.0,Germany,,89.27134775261042,883.2076603367472,1003.3536659704484
173,DEU,2005,76824.0,82489.0,3907400000.0,82469421.0,Germany,,47.37998584954295,931.545281492882,1000.2374092089236
174,DEU,2006,78995.0,81752.0,4530777568.6006,82376447.0,Germany,63.0,55.00088597655347,958.9512885885938,992.4195929450563
175,DEU,2007,79107.0,81307.0,4300948184.7608,82266373.0,Germany,61.0,52.28075613301683,961.5958150968926,988.3382120176856
176,DEU,2008,82539.0,79582.0,4240047111.6346,82110097.0,Germany,59.0,51.638559282600774,1005.2235110622266,969.2108876695153
177,DEU,2009,82253.0,78594.0,3722493153.9729,81902308.0,Germany,60.0,45.45040603706674,1004.2818329368691,959.6066572385238
178,DEU,2010,83886.0,78092.0,4126739799.6791,81776936.0,Germany,64.0,50.46337025489803,1025.7904502560477,954.9391774717507
179,DEU,2011,85414.0,77957.0,4382286382.3078,80274981.0,Germany,67.0,54.5909364003188,1064.0176918883358,971.1244902069799
180,DEU,2012,88796.0,76019.0,6250396263.4994,80425826.0,Germany,65.0,77.71628311904935,1104.0732115079552,945.2063321053115
181,DEU,2013,89615.0,77146.0,5982881413.2664,80645605.0,Germany,68.0,74.18732134586132,1111.219886068187,956.6051367585376
182,DEU,2014,90976.0,78790.0,6967042555.2726,80982495.0,Germany,61.0,86.03146340789574,1123.403273756878,972.9263095685061
183,DEU,2015,91603.0,81771.0,6857149428.4618,81686608.0,Germany,77.0,83.94459748483864,1121.3955658435468,1001.0331191619562
184,DEU,2016,94197.0,81455.0,6338397066.527,82348669.0,Germany,75.0,76.97024303485708,1143.880054697666,989.1477420236142
185,DEU,2017,95530.0,79730.0,6901610962.763,82657000.0,Germany,72.0,83.49699314955781,1155.7399857241371,964.5886010864174
186,DEU,2018,98170.0,80102.0,7313336480.9265,82905788.0,Germany,70.0,88.2126164813306,1184.1151549032982,966.1810343084852
187,DEU,2019,102026.0,78852.0,8091280435.4594,83092958.0,Germany,67.0,97.37624740064496,1227.8537490505514,948.9612826155496
188,DEU,2020,58822.0,45731.0,8869844374.1294,83160874.0,Germany,65.0,106.65886428910548,707.3278234184985,549.9100454379544
189,SVN,2000,705.0,3502.0,24113247.656628,1990272.0,Slovenia,,12.115553882397984,354.2229403820181,1759.5584925075568
190,SVN,2001,715.0,3393.0,20758649.843647,1992035.0,Slovenia,,10.420825860814192,358.9294364807847,1703.2833258451785
191,SVN,2002,749.0,3339.0,26385319.153647,1995718.0,Slovenia,,13.220965664310791,375.3035248466968,1673.0820687091061
192,SVN,2003,777.0,3446.0,27028863.52177,1996773.0,Slovenia,,13.53627253662284,389.12785779855795,1725.7845533768736
193,SVN,2004,764.0,3218.0,72737773.56919,1997004.0,Slovenia,,36.42344911136382,382.57309449555436,1611.4138980192329
194,SVN,2005,777.0,3062.0,50369097.309647,2001114.0,Slovenia,,25.170528670354113,388.2837259646377,1530.1477077267962
195,SVN,2006,793.0,3133.0,15225034.06395,2008516.0,Slovenia,57.0,7.5802403684859865,394.818861288633,1559.85812410755
196,SVN,2007,812.0,3235.0,68826256.796373,2019406.0,Slovenia,,34.08242661276286,402.0984388478592,1601.9562188088973
197,SVN,2008,834.0,3146.0,100918265.10216,2022629.0,Slovenia,,49.89460009826815,412.3346397189005,1555.4014107382027
198,SVN,2009,840.0,3196.0,75992669.49928,2042335.0,Slovenia,57.0,37.208719186264744,411.29393561781,1564.875497898239
199,SVN,2010,813.0,3183.0,135553372.88779,2049261.0,Slovenia,55.0,66.14744187674971,396.7283815970733,1553.242851935405
200,LVA,2000,715.0,2348.0,50588559.953641,2367549.0,Latvia,,21.367481709413827,302.0000853203038,991.7429375273754
201,LVA,2001,706.0,2305.0,41786843.245257,2337172.0,Latvia,,17.879233212299734,302.0744729099955,986.2346459738521
202,LVA,2002,744.0,2361.0,54707628.471605,2310176.0,Latvia,,23.68115177008375,322.0533846771848,1022.0000554070339
203,LVA,2003,762.0,2550.0,74205384.968841,2287955.0,Latvia,,32.43306138837565,333.0485083841247,1114.532409946874
204,LVA,2004,811.0,2655.0,63482649.852491,2263123.0,Latvia,,28.0509056964606,358.3543625335432,1173.1576233373087
205,LVA,2005,894.0,2891.0,65660114.618922,2238799.0,Latvia,,29.32827583848394,399.3212432201372,1291.3173536346944
206,LVA,2006,992.0,2800.0,44999615.214497,2218351.0,Latvia,71.0,20.285164617545647,447.1790081912195,1262.1988134429582
207,LVA,2007,983.0,2644.0,44286132.72816,2200325.0,Latvia,61.0,20.127087011309694,446.75218433640487,1201.640666719689
208,LVA,2008,951.0,2517.0,67729648.742968,2177324.0,Latvia,61.0,31.106830560342875,436.7746830513052,1156.0061800632336
209,LVA,2009,756.0,2143.0,76005403.091398,2141668.0,Latvia,66.0,35.48888207294408,352.9958891854386,1000.6219451380887
210,LVA,2010,749.0,2311.0,90514569.125852,2097553.0,Latvia,,43.1524586629525,357.08275309372397,1101.760003203733
211,LVA,2011,741.0,2412.0,58606708.443001,2059710.0,Latvia,67.0,28.45386410854004,359.759383602546,1171.0386413621336
212,LVA,2012,725.0,2358.0,103702448.53355,2034324.0,Latvia,67.0,50.97636784187278,356.3837422160875,1159.1073988214266
213,LVA,2013,729.0,2325.0,75465534.163824,2012647.0,Latvia,70.0,37.495663255317005,362.2095677980292,1155.1951236356897
214,LVA,2014,649.0,2345.0,133159268.97296,1993785.0,Latvia,69.0,66.78717563476503,325.5115270703712,1176.1549013559636
215,LVA,2015,591.0,2232.0,209000000.0,1977523.0,Latvia,66.0,105.68777202591322,298.85872376705606,1128.6847232623843
216,LVA,2016,584.0,2187.0,25070639.609556,1959535.0,Latvia,65.0,12.79417801139352,298.02988974425057,1116.0811110799245
217,LVA,2017,596.0,2146.0,24036822.365358,1942247.0,Latvia,65.0,12.375780405560157,306.86107379751394,1104.9058127004444
218,LVA,2018,624.0,2156.0,20722135.014698,1927170.0,Latvia,67.0,10.752624322035938,323.7908435685487,1118.738876175947
219,LVA,2019,643.0,2191.0,25218839.200761,1913826.0,Latvia,64.0,13.177184969146099,335.9762068233998,1144.827168196064
220,LVA,2020,413.0,1381.0,46538246.358097,1900448.0,Latvia,63.0,24.48803985065469,217.31717994914882,726.6707639461853
221,FIN,2000,3405.0,7700.0,358116321.71012,5176203.0,Finland,,69.18513854849202,657.818095619511,1487.5768975830354
222,FIN,2001,3282.0,7700.0,305953115.63748,5188005.0,Finland,,58.97317285497605,632.6131142895969,1484.1928641163606
223,FIN,2002,3318.0,7700.0,331193634.14253,5200598.0,Finland,,63.68375985656458,638.0035526683662,1480.5989618886135
224,FIN,2003,3338.0,7670.0,396155530.80718,5213010.0,Finland,,75.99362571857334,640.3210429291331,1471.3188733572351
225,FIN,2004,3352.0,7605.0,456280106.50126,5228173.0,Finland,,87.27333745483556,641.1417525778126,1454.6190418717972
226,FIN,2005,3478.0,7540.0,371927587.20554,5246100.0,Finland,,70.89601555546787,662.9686814967309,1437.258153676064
227,FIN,2006,3540.0,7540.0,292983301.48196,5266266.0,Finland,62.0,55.6339731950418,672.203037218401,1431.75449170247
228,FIN,2007,3778.0,7540.0,252104129.94914,5288719.0,Finland,,47.6682784525213,714.350677356842,1425.6760474511882
229,FIN,2008,4052.0,7540.0,362095003.8251,5313398.0,Finland,58.0,68.14754020404645,762.6005053639874,1419.0542473949815
230,FIN,2009,3876.0,7540.0,407989012.45853,5338867.0,Finland,,76.4186507096974,725.9967330147015,1412.2846663908279
231,FIN,2010,3959.0,7540.0,427149200.00258,5363341.0,Finland,58.0,79.64237217111125,738.1592928736025,1405.840128382663
232,FIN,2011,3882.0,7540.0,368767220.22744,5388272.0,Finland,59.0,68.43886504382853,720.4536073902729,1399.3354455751305
233,FIN,2012,4035.0,7540.0,445307865.38881,5413967.0,Finland,57.0,82.25167707686619,745.294531717685,1392.6941187487844
234,FIN,2013,4053.0,7540.0,595001339.84959,5438975.0,Finland,57.0,109.39585856702594,745.1771703308068,1386.2906154192656
235,FIN,2014,3874.0,7540.0,628499245.30045,5461507.0,Finland,60.0,115.07798951836004,709.3280297910449,1380.5713331503557
236,FIN,2015,4113.0,7540.0,567000000.0,5479528.0,Finland,60.0,103.47606582172772,750.6120965163423,1376.030928211335
237,FIN,2016,3868.0,8255.0,548518896.8335,5495297.0,Finland,63.0,99.81606032094354,703.8746040477885,1502.193603002713
238,FIN,2017,4271.0,8200.0,516352824.57879,5508209.0,Finland,67.0,93.74241692332117,775.3881524829577,1488.6871576586873
239,FIN,2018,4534.0,8000.0,472569778.6333,5515525.0,Finland,61.0,85.67992686703442,822.0432325118643,1450.4512263111853
240,FIN,2019,4924.0,7900.0,438746438.74644,5521605.0,Finland,56.0,79.45994665435865,891.7696937756323,1430.743416090068
241,FIN,2020,2820.0,6800.0,668621700.87977,5529545.0,Finland,61.0,120.91803229375473,509.9877114663141,1229.7576021173531
242,DNK,2000,5537.0,7418.0,807553136.13174,5337344.0,Denmark,,151.30243359463807,1037.4073696580172,1389.8298479543384
243,DNK,2001,5721.0,7327.0,640635330.73556,5355082.0,Denmark,,119.63128309436907,1068.3309798057248,1368.233016786671
244,DNK,2002,5754.0,7292.0,652919182.37989,5374255.0,Denmark,,121.4901753600992,1070.6600263664452,1356.8392270184424
245,DNK,2003,5893.0,7267.0,450921985.15231,5387174.0,Denmark,,83.70288116780895,1093.8944983028207,1348.9447342892581
246,DNK,2004,6074.0,7300.0,441811122.64665,5401177.0,Denmark,,81.7990454018911,1124.5697002708855,1351.5572624263193
247,DNK,2005,6136.0,7169.0,295762303.54459,5415978.0,Denmark,,54.60921435511555,1132.9440407623517,1323.6759824356745
248,DNK,2006,6274.0,7054.0,208158380.05228,5434567.0,Denmark,64.0,38.30266147280547,1154.461799808522,1297.9874937598524
249,DNK,2007,6353.0,6857.0,259763492.56652,5457415.0,Denmark,61.0,47.5982663159243,1164.1042508220467,1256.4556662815637
250,DNK,2008,6475.0,6782.0,387264413.31305,5489022.0,Denmark,53.0,70.55253437006628,1179.6272632902546,1235.5570810246343
251,DNK,2009,6367.0,6781.0,383975630.59338,5519441.0,Denmark,54.0,69.56784764858978,1153.5588477166439,1228.5664435945596
252,DNK,2010,6577.0,6853.0,410182124.28137,5543819.0,Denmark,61.0,73.98909024291197,1186.3662937047548,1236.1514688701056
253,DNK,2011,6890.0,6853.0,850141047.64305,5566856.0,Denmark,61.0,152.71475454781836,1237.6824548721936,1231.0359743453037
254,DNK,2012,7020.0,6849.0,877981262.84693,5587085.0,Denmark,60.0,157.14478352252203,1256.469160573,1225.8628605077604
255,DNK,2013,7076.0,6697.0,960678459.49973,5608784.0,Denmark,61.0,171.28105833630426,1261.592530573472,1194.0199515616932
256,DNK,2014,6808.0,6831.0724270252,1125810314.7718,5639719.0,Denmark,60.0,199.6217036295248,1207.1523421645652,1211.243401847716
257,DNK,2015,6808.0,6681.665260079,1308422492.1567,5678348.0,Denmark,64.0,230.42308998263226,1198.9402551587186,1176.6917526151974
258,DNK,2016,6653.0,6473.0938534405,1155656284.04,5724456.0,Denmark,66.0,201.88054271707216,1162.2065048626455,1130.7788641297095
259,ROU,2000,11632.0,7700.0,86978874.518365,22442973.0,Romania,,3.875550468218493,518.2914046191652,343.0917998252727
260,ROU,2001,10966.0,7073.0,106606704.75555,22131974.0,Romania,,4.816863816826732,495.4822375988694,319.58288040642014
261,ROU,2002,8502.0,6987.0,195808675.66385,21675775.0,Romania,,9.033525936851163,392.2351103939767,322.34141570485946
262,ROU,2003,8529.0,9455.0,187915548.39019,21574365.0,Romania,,8.710131138978598,395.3302912971019,438.25160091617994
263,ROU,2004,8638.0,9438.0,96665352.5191,21451845.0,Romania,,4.506155648574749,402.669327510058,439.9621571011724
264,ROU,2005,7985.0,11812.0,143091616.45419,21319673.0,Romania,,6.71171722259483,374.53670138374076,554.0422688471816
265,ROU,2006,8092.0,11735.0,117599229.09938,21193749.0,Romania,52.0,5.548769549897944,381.8106933322651,553.7009992899322
266,ROU,2007,7476.0,12156.0,314931274.3732,20882980.0,Romania,57.0,15.080763108196244,357.9948838719378,582.1008304370354
267,ROU,2008,6958.0,13881.0,302836133.11932,20537848.0,Romania,,14.74527093195548,338.78914674994184,675.8741227415842
268,ROU,2009,6128.0,12805.0,189707026.50861,20367437.0,Romania,64.0,9.31423165853465,300.8724170841918,628.6996247981521
269,ROU,2010,5438.0,11955.0,173935719.42897,20246798.0,Romania,62.0,8.590776646705816,268.58567957264154,590.463736537501
270,ROU,2011,5073.0,11773.0,153873841.44695,20147657.0,Romania,61.0,7.637306980506467,251.79106434063277,584.3359354390439
271,ROU,2012,4571.0,12584.0,111131425.23005,20060182.0,Romania,64.0,5.539901144967179,227.86433343426296,627.3123543943918
272,ROU,2013,4411.0,12923.0,201396412.46439,19988694.0,Romania,64.0,10.075516312591008,220.67474743472485,646.5154751981295
273,ROU,2014,4976.0,14061.0,271693474.45336,19916451.0,Romania,64.0,13.641661079745584,249.84370960468812,705.99927667836
274,ROU,2015,5149.0,17471.0,321920273.5535,19822250.0,Romania,67.0,16.240349786401644,259.758604598368,881.383294025653
275,ROU,2016,4988.0,18744.0,262960302.11153,19706424.0,Romania,67.0,13.343887359346882,253.1154307854129,951.1619155256175
276,ROU,2017,5663.0,18177.0,205287657.71321,19592933.0,Romania,69.0,10.47763791736592,289.03278544360865,927.7324635367252
277,ROU,2018,5577.0,19937.0,168372108.47891,19476713.0,Romania,61.0,8.644790754934366,286.3419510263359,1023.6326838106614
278,HRV,2000,1252.0,3331.0,28803694.848625,4428075.0,Croatia,,6.504789293005426,282.7413718150664,752.2456146293819
279,HRV,2001,1241.0,3478.0,29493671.693151,4299642.0,Croatia,,6.859564515638977,288.62868117857255,808.9045553094885
280,HRV,2002,1195.0,3557.0,48837723.574204,4302174.0,Croatia,,11.351870838837295,277.7665431477202,826.7912920304943
281,HRV,2003,1163.0,3717.0,137008220.2109,4303399.0,Croatia,,31.837210588862433,270.2514919020988,863.7358515908006
282,HRV,2004,1213.0,3390.0,160859089.44295,4304600.0,Croatia,,37.36911430631186,281.79157180690424,787.5296194768388
283,HRV,2005,1266.0,3403.0,112640894.56633,4310145.0,Croatia,,26.13389910695116,293.72561711960964,789.5326027314626
284,HRV,2006,1362.0,3537.0,139091767.51586,4311159.0,Croatia,57.0,32.2631959331261,315.92432568596985,820.42903080123
285,HRV,2007,1611.0,3808.0,101595260.79028,4310217.0,Croatia,,23.570799518975495,373.7630843180285,883.4822005481394
286,HRV,2008,1810.0,4093.0,129083731.96821,4309705.0,Croatia,57.0,29.95187187248547,419.982342178873,949.7169759879157
287,HRV,2009,1835.0,3438.0,99538524.765231,4305181.0,Croatia,56.0,23.12063645296934,426.2306277018318,798.5726964789634
288,HRV,2010,1742.0,3284.0,83171872.389543,4295427.0,Croatia,57.0,19.362888110900965,405.54757419925886,764.5340032550896
289,HRV,2011,1486.0,3145.0,80610354.58226,4280622.0,Croatia,48.0,18.831458274582523,347.1458119871364,734.7063113725061
290,HRV,2012,1104.0,3249.0,61678004.795015,4267558.0,Croatia,48.0,14.452763101290012,258.69595679777524,761.3253293804091
291,HRV,2013,948.0,3507.0,182708692.59351,4255689.0,Croatia,42.0,42.93281125418469,222.76063875908224,824.0733756625543
292,HRV,2014,927.0,3648.0,131181905.91094,4238389.0,Croatia,53.0,30.950888630312132,218.71517692217492,860.7043855578146
293,HRV,2015,951.0,3377.0,60021013.921723,4203604.0,Croatia,57.0,14.278465317314144,226.23444073228592,803.3582611492424
294,HRV,2016,836.0,3802.0,43911790.741522,4174349.0,Croatia,66.0,10.519434465475216,200.2707488041848,910.8007020975007
295,HRV,2017,745.0,4150.0,60688056.230564,4124531.0,Croatia,59.0,14.713928985032236,180.6265973028206,1006.1750051096718
296,HRV,2018,756.0,3843.0,94363959.903515,4087843.0,Croatia,48.0,23.08404699092284,184.93860943289653,940.1045979505573
297,HRV,2019,734.0,4022.0,119646617.78865,4065253.0,Croatia,44.0,29.431530531715985,180.55456819046685,989.360317795719
298,HRV,2020,449.0,2076.0,118892662.09942,4047680.0,Croatia,49.0,29.37303890115325,110.92774132342478,512.8863941813582
299,NLD,2000,15400.0,15453.0,912150877.46345,15925505.0,Netherlands,,57.27610380100662,967.0023022817801,970.3302972182044
300,NLD,2001,15500.0,15483.0,1006227264.3196,16046182.0,Netherlands,,62.70820462584807,965.9618718022767,964.9024297493323
301,NLD,2002,15500.0,15427.0,1601844259.86,16148921.0,Netherlands,,99.19203022047107,959.816448417823,955.2960225639843
302,NLD,2003,14500.0,15600.0,1509670966.1662,16225303.0,Netherlands,,93.04423875265688,893.6658994904441,961.4612435897191
303,NLD,2004,14079.0,15949.0,1207837729.1272,16281777.0,Netherlands,,74.18340941085238,864.7090547917467,979.5613832568766
304,NLD,2005,14730.0,16034.0,1239506451.0677,16319871.0,Netherlands,,75.95075053397787,902.580663780982,982.483256148287
305,NLD,2006,15889.0,15630.0,772374695.11525,16346096.0,Netherlands,57.0,47.251325032916114,972.0363810416873,956.1916190875179
306,NLD,2007,15546.0,16105.0,909541031.60251,16381696.0,Netherlands,56.0,55.52178673090442,948.9859902173744,983.1094411714147
307,NLD,2008,15313.0,16192.0,862731069.89174,16445590.0,Netherlands,58.0,52.459721414174865,931.1310813415633,984.5800606728004
308,ISL,2000,,485.0,,281200.0,Iceland,,,,1724.75106685633
309,ISL,2001,,508.0,,284970.0,Iceland,,,,1782.643787065305
310,ISL,2002,,523.0,,287516.0,Iceland,,,,1819.0292018531143
311,ISL,2003,,537.0,,289522.0,Iceland,,,,1854.781329225413
312,ISL,2004,,554.0,,292077.0,Iceland,,,,1896.7601009322884
313,ISL,2005,,587.0,,296734.0,Iceland,,,,1978.2027000613343
314,ISL,2006,,622.0,,303784.0,Iceland,,,,2047.5074394964843
315,ISL,2007,,653.0,,311567.0,Iceland,,,,2095.857391829045
316,ISL,2008,,637.0,,317404.0,Iceland,58.0,,,2006.906025128858
317,ISL,2009,,644.0,,318501.0,Iceland,,,,2021.9716735583247
318,ISL,2010,,638.0,,318044.0,Iceland,,,,2006.0117468023293
319,ISL,2011,,615.0,,319011.0,Iceland,,,,1927.8332095131516
320,ISL,2012,,622.0,,320723.0,Iceland,58.0,,,1939.3682398830142
321,ISL,2013,,640.0,,323763.0,Iceland,64.0,,,1976.7546013596366
322,ISL,2014,,673.0,,327379.0,Iceland,,,,2055.72135048369
323,ISL,2015,,718.0,,330818.0,Iceland,59.0,,,2170.3776698970432
324,ISL,2016,,833.0,,335435.0,Iceland,56.0,,,2483.342525377495
325,ISL,2017,,910.0,,343399.0,Iceland,64.0,,,2649.978596326722
326,ISL,2018,,939.0,,352722.0,Iceland,,,,2662.153197135421
327,ISL,2019,,931.0,,360558.0,Iceland,52.0,,,2582.108842405383
328,ISL,2020,,720.0,,366462.0,Iceland,61.0,,,1964.733041897932
329,CHE,2000,12620.0,5515.0,2584376080.1309,7184250.0,Switzerland,,359.72802730012177,1756.6203848696803,767.651459790514
330,CHE,2001,13301.0,5615.0,2749145915.7634,7226647.0,Switzerland,,380.41790553259347,1840.5492893177154,776.9855093240337
331,CHE,2002,14147.0,5634.0,3372049456.7254,7284754.0,Switzerland,,462.89132848211483,1942.001061394798,773.3960542799387
332,CHE,2003,14509.0,5773.0,3464808098.7388,7339002.0,Switzerland,,472.1088914730913,1976.9718007979832,786.6192160732481
333,CHE,2004,14914.0,5847.0,3550040466.3321,7389626.0,Switzerland,,480.4086791851306,2018.2347523406463,791.2443742078422
334,CHE,2005,16144.0,6093.0,3611541605.6405,7437116.0,Switzerland,,485.61049816091344,2170.73392427925,819.2691898311119
335,CHE,2006,16578.0,6389.0,3789763825.3618,7483935.0,Switzerland,80.0,506.38652331451306,2215.144840247811,853.6952819606263
336,CHE,2007,17434.0,6496.0,3792316643.5718,7551117.0,Switzerland,,502.21929332730514,2308.7974931390945,860.2700765992633
337,CHE,2008,17776.0,6229.6,3994327709.1561,7647676.0,Switzerland,,522.2930089031099,2324.366251917576,814.5742575914566
338,CHE,2009,18571.0,6352.2910016,4331774384.5821,7743832.0,Switzerland,79.0,559.3838276168827,2398.166695765094,820.3033074064623
339,CHE,2010,19177.0,6485.8538816,4123558378.0159,7824910.0,Switzerland,,526.9783777725112,2450.7630119707446,828.8726492189687
340,CHE,2011,19471.0,6676.6850048,4013799534.3687,7912396.0,Switzerland,,507.2799104555308,2460.8222338720157,843.8259415731972
341,CHE,2012,19262.0,6837.2478848,3938208146.4217,7996861.0,Switzerland,80.0,492.4692509250442,2408.6951117444705,854.9914628752457
342,CHE,2013,19447.0,6895.1977792,4196923521.1147,8089346.0,Switzerland,,518.8211162082448,2404.0262340119957,852.3801280350723
343,CHE,2014,20010.0,7016.2,4026885249.086,8188646.0,Switzerland,82.0,491.76448085385545,2443.627432422894,856.8205293036236
344,CHE,2015,20389.0,7163.2260096,4193518171.5999,8282398.0,Switzerland,81.0,506.3169110684973,2461.7266641859037,864.873435157306
345,CHE,2016,20812.0,7305.7072384,3913284168.0612,8373334.0,Switzerland,82.0,467.3507790398902,2485.5093562492552,872.4968141005722
346,CHE,2017,20864.5,7362.52538,3249344323.7167,8451834.0,Switzerland,84.0,384.45434727145613,2468.6358014130424,871.1157105073289
347,CHE,2018,20613.0,7434.6618624,3310996857.4178,8514327.0,Switzerland,83.0,388.8735841855498,2420.9781935788938,873.194306772573
348,CHE,2019,21737.0,7714.38783,3536251997.366,8575280.0,Switzerland,83.0,412.3774380971817,2534.8443432750882,899.6076897780597
349,CHE,2020,13334.0,6203.770752,3748878633.3172,8638170.0,Switzerland,87.0,433.9899114415669,1543.613983054281,718.1811369769291
350,GRC,2000,1628.0,6000.0,748101265.82278,10805806.0,Greece,,69.23141742714796,150.6597471766567,555.2570534766218
351,GRC,2001,1797.0,6012.0,374845869.29716,10862129.0,Greece,,34.50942898000567,165.43718086942255,553.4826551958645
352,GRC,2002,1836.0,5990.0,1181490384.6154,10902022.0,Greece,,108.37350948433236,168.40912630702817,549.4393608818621
353,GRC,2003,1574.0,6057.0,1987134502.924,10928072.0,Greece,,181.8376107811149,144.03272599228848,554.2606234658776
354,GRC,2004,1669.0,6193.0,2024943310.6576,10955142.0,Greece,,184.83953112224378,152.34855011464023,565.3053150748754
355,GRC,2005,1854.0,6226.0,471491228.07018,10987316.0,Greece,,42.91232072238388,168.74002713674568,566.653402887475
356,GRC,2006,1811.0,6069.0,260000000.0,11020366.0,Greece,57.0,23.592682856449596,164.33211020396237,550.7076625222792
357,GRC,2007,1930.0,6253.0,325955734.40644,11048466.0,Greece,58.0,29.502352128018497,174.6848838562747,565.9609216338268
358,GRC,2008,1657.0,6287.0,325358851.67464,11077839.0,Greece,,29.370245557336588,149.5779095543815,567.5294612965579
359,BGR,2000,3472.0,15108.0,265778431.42626,8170172.0,Bulgaria,,32.53033490926017,424.96045370893046,1849.1654765652424
360,BGR,2001,2990.0,15707.0,199829384.71876,8009141.5,Bulgaria,,24.95016285063262,373.32340800821163,1961.1340366504949
361,BGR,2002,2598.0,17018.0,127423138.27556,7837160.5,Bulgaria,,16.258839955562987,331.49761319804537,2171.4497234042865
362,BGR,2003,2517.0,14005.0,80113206.544099,7775326.5,Bulgaria,,10.30351671329802,323.716309533754,1801.2105343743442
363,BGR,2004,2404.0,12057.0,72130515.250408,7716860.0,Bulgaria,,9.347132804069012,311.52567235896464,1562.42305808321
364,BGR,2005,2389.0,12289.0,77989896.846901,7658972.0,Bulgaria,,10.18281524555789,311.92175660127754,1604.5234269037671
365,BGR,2006,2422.0,12039.0,53101884.99325,7601022.0,Bulgaria,53.0,6.986150677270767,318.64136164847304,1583.8659590776083
366,BGR,2007,2424.0,12209.0,47433366.971266,7545337.5,Bulgaria,,6.2864473552397095,321.2579954177,1618.0853407816417
367,BGR,2008,2335.0,12305.0,73470040.964995,7492560.5,Bulgaria,,9.805732094521625,311.6424618793535,1642.2957145290986
368,BGR,2009,2144.0,10073.0,52646809.479878,7444442.5,Bulgaria,47.0,7.071961329525751,288.00007522390024,1353.0899056578112
369,BGR,2010,2100.0,9924.0,125244588.70444,7395598.5,Bulgaria,46.0,16.935017322051756,283.9526780692597,1341.8792272187302
370,BGR,2011,2068.0,9766.0,108466006.80881,7348327.5,Bulgaria,51.0,14.760638636316903,281.4245826686413,1329.0099005522004
371,BGR,2012,1876.0,9233.0,129744934.33079,7305888.0,Bulgaria,60.0,17.758954740449074,256.7791896070676,1263.7751906407543
372,BGR,2013,1826.0,8916.0,131387682.89942,7265114.5,Bulgaria,54.0,18.08473670985089,251.33808971627357,1227.2346155039952
373,BGR,2014,1702.0,10145.0,175012072.44573,7223937.5,Bulgaria,54.0,24.22668696202452,235.60558213578122,1404.3587724838428
374,BGR,2015,1552.0,10231.0,301155537.37601,7177991.0,Bulgaria,62.0,41.95540749159618,216.21648731518331,1425.3291763670363
375,BGR,2016,1458.0,9757.0,184593993.49217,7127821.5,Bulgaria,55.0,25.897673432502483,204.55057691890855,1368.8614396418316
376,BGR,2017,1438.0,9179.0,113397000.16073,7075946.5,Bulgaria,58.0,16.02570061273499,203.22369593947607,1297.2116168487141
377,BGR,2018,1479.0,8588.0,118327521.43056,7025036.5,Bulgaria,46.0,16.8436877773603,210.532713958141,1222.4847515027145
378,BGR,2019,1523.8,9175.0,155836485.87384,6975760.5,Bulgaria,50.0,22.339712763051427,218.4421325818167,1315.2687796549208
379,BGR,2020,1119.0,4984.0,217758755.18145,6934015.0,Bulgaria,54.0,31.404425168023145,161.37836448291503,718.7754857755572
380,ESP,2000,20144.0,50278.0,2765564130.9832,40554387.0,Spain,,68.19395719094953,496.715682078982,1239.7672291286267
381,ESP,2001,20828.0,51712.0,3638818076.8043,40766049.0,Spain,,89.26099453013707,510.915345266842,1268.5065457287753
382,ESP,2002,21211.0,50053.0,5348068349.9958,41423520.0,Spain,,129.10704715571734,512.0520902134825,1208.3231941660197
383,ESP,2003,21127.0,49209.0,5421615043.7327,42196231.0,Spain,,128.48576555884102,500.6845279617509,1166.194203458598
384,ESP,2004,20386.0,53458.0,5872907814.406,42859172.0,Spain,,137.02802784911478,475.6508128528475,1247.2942781069125
385,ESP,2005,21624.0,53176.0,7209505941.2133,43662613.0,Spain,,165.11851778576101,495.2520821417628,1217.8840510530142
386,ESP,2006,22105.0,49369.0,7443609022.5564,44360521.0,Spain,57.0,167.79805229420998,498.3034351647944,1112.903971529099
387,ESP,2007,21857.0,59163.0,9177389200.4839,45236004.0,Spain,65.0,202.87798189433133,483.1770728466644,1307.8741437904198
388,ESP,2008,23969.0,60864.0,9447717231.2224,45983169.0,Spain,71.0,205.4603333498481,521.255940407239,1323.6147339040508
389,ESP,2009,23137.0,57043.0,9363791631.0845,46367550.0,Spain,74.0,201.94708650952012,498.99121260450465,1230.2353693477444
390,ESP,2010,22456.0,50902.0,8045530843.4746,46562483.0,Spain,71.0,172.7899872408995,482.2766861466559,1093.197714563461
391,ESP,2011,22795.0,55742.0,7590954773.8693,46736257.0,Spain,69.0,162.42111074212255,487.7369619051864,1192.6928594217547
392,ESP,2012,22476.0,54531.0,5301754038.2519,46766403.0,Spain,68.0,113.36672692684746,480.60142662671745,1166.029382246909
393,ESP,2013,23788.0,53836.0,2671529968.4543,46593236.0,Spain,65.0,57.337291800344154,510.54620889607236,1155.4466832911112
394,ESP,2014,25072.0,39469.0,2983230361.8711,46455123.0,Spain,66.0,64.21746772408933,539.7036619621048,849.6156602577503
395,ESP,2015,26142.0,46389.0,2613000000.0,46410149.0,Spain,67.0,56.302340248896854,563.2819666232919,999.5443022602664
396,ESP,2016,26670.0,47763.0,1673568326.4317,46449874.0,Spain,69.0,36.02955578376165,574.1673271277334,1028.2697429921984
397,ESP,2017,27487.0,30510.0,2119820078.4764,46532869.0,Spain,63.0,45.55532732091803,590.7007367201021,655.6655683534149
398,ESP,2018,28434.0,32188.0,2003141458.0061,46728814.0,Spain,65.0,42.86737211019522,608.4896569384363,688.8255285058166
399,ESP,2019,28835.0,33250.0,2071929005.1378,47105358.0,Spain,63.0,43.98499646553583,612.138432320162,705.8645005946033
400,ESP,2020,11998.51,18929.0,2267197142.8571,47355685.0,Spain,64.0,47.87592329953838,253.370001933242,399.7196957450832
401,MLT,2014,,332.31,,434557.0,Malta,56.0,,,764.7098079193294
402,MLT,2015,,338.54333333333,,445056.0,Malta,55.0,,,760.6758100853151
403,MLT,2016,,344.77666666667,,455356.0,Malta,59.0,,,757.1585016265735
404,MLT,2017,,351.01,,468005.0,Malta,56.0,,,750.0133545581778
405,FRA,2000,82253.0,49501.0,4177801343.2308,60724780.0,France,,68.79895395637169,1354.5211691174509,815.1696885521858
406,FRA,2001,84180.0,48022.0,3505098732.7992,61163237.0,France,,57.307279743863134,1376.316953270475,785.144841173138
407,FRA,2002,86186.0,48568.0,4199988964.0556,61604550.0,France,,68.1766032550453,1399.0200399158828,788.3833255822825
408,FRA,2003,84151.0,49054.0,4976348778.5904,62037544.0,France,,80.21511584324486,1356.4527957457503,790.7147323562648
409,FRA,2004,88567.0,49924.0,4853403956.2573,62490800.0,France,,77.66589571996678,1417.2806237078098,798.901598315272
410,FRA,2005,90859.0,50056.0,4973826510.1362,62958328.0,France,,79.00188375612834,1443.1609429017874,795.0655868751787
411,FRA,2006,94590.0,52397.0,4769650840.3928,63393406.0,France,59.0,75.23891113206318,1492.1110249226867,826.537069170885
412,FRA,2007,96709.0,53083.0,4883375881.6955,63781275.0,France,48.0,76.56441301456424,1516.2600622204557,832.2662097927644
413,FRA,2008,102721.0,53561.0,4442547659.2141,64133174.0,France,56.0,69.27066574334992,1601.682773411464,835.1528025106008
414,FRA,2009,101821.0,53129.0,5203808791.4541,64458715.0,France,61.0,80.7308800905215,1579.6312414853446,824.232999370217
415,FRA,2010,102167.0,54152.0,4821129900.803,64773169.0,France,64.0,74.43097157718191,1577.3043310572004,836.0251757946257
416,FRA,2011,105596.0,54702.0,5944851029.6666,65087317.0,France,62.0,91.33655070874407,1622.3744481586175,840.4402350768277
417,FRA,2012,105956.0,54930.0,6337191834.0943,65402998.0,France,60.0,96.8945159684316,1620.0480595706026,839.8697564292083
418,FRA,2013,105215.0,55501.0,8494383825.0254,65735961.0,France,61.0,129.21974054696486,1600.5698920260709,844.3019491264454
419,FRA,2014,104589.0,56968.0,7609821022.7849,66276671.0,France,71.0,114.81899902282207,1578.0665869593843,859.5483016942719
420,FRA,2015,104849.0,57824.0,8576194000.0,66512558.0,France,74.0,128.9409738233192,1576.3790049993265,869.369660989433
421,FRA,2016,104207.0,59085.0,9197953554.9141,66688563.0,France,70.0,137.92400287458736,1562.5917745446097,885.9840029841399
422,FRA,2017,110568.0,59564.0,9076836558.1146,66883314.0,France,68.0,135.7115252709308,1653.1477492278568,890.5659190272779
423,FRA,2018,107958.0,59645.0,8842021136.7293,67125071.0,France,63.0,131.72457034316284,1608.3111480060854,888.5651681470847
424,FRA,2019,112384.0,59696.0,9992003781.1066,67356050.0,France,68.0,148.34604732769515,1668.506392521533,886.2752492166628
425,FRA,2020,64859.0,37578.0,9846523772.6695,67540257.0,France,60.0,145.78747860952765,960.3013503487261,556.3792865046397
426,KOR,2001,59151.0,42954.0,3836049556.2061,47370164.0,Republic of Korea,,80.9802886940839,1248.6973868192645,906.7733014392772
427,KOR,2002,51929.0,36042.0,4271988202.3355,47644736.0,Republic of Korea,,89.66338279921416,1089.921035557842,756.4739156073821
428,KOR,2003,50983.0,32205.0,4647220448.7301,47892330.0,Republic of Korea,,97.03475376391376,1064.533715523968,672.445880164945
429,KOR,2004,52749.0,26651.0,4123340403.7317,48082519.0,Republic of Korea,,85.75549886917739,1097.0515084702613,554.2762849009637
430,KOR,2005,54641.0,58213.0,4708564425.6648,48184561.0,Republic of Korea,,97.71935922929337,1133.9939363565022,1208.1255653652215
431,KOR,2006,55526.0,59129.0,4423213963.6224,48438292.0,Republic of Korea,64.0,91.3164725878939,1146.3244822918198,1220.707782181915
432,KOR,2007,55730.0,59242.0,4140540722.8643,48683638.0,Republic of Korea,64.0,85.04994476510362,1144.7377864406928,1216.8770131763777
433,KOR,2008,56766.0,96350.0,6310027670.7212,49054708.0,Republic of Korea,69.0,128.63245808580086,1157.1977963868421,1964.1335954950541
434,KOR,2009,55489.0,94409.0,7253772228.4369,49307835.0,Republic of Korea,65.0,147.1119595584941,1125.3586777841697,1914.6855667055752
435,KOR,2010,58381.0,114582.0,6922477913.2667,49554112.0,Republic of Korea,71.0,139.69532767062196,1178.1262471215305,2312.2601813548795
436,KOR,2011,63044.0,115207.0,6459596685.8144,49936638.0,Republic of Korea,70.0,129.35585863458408,1262.4798649841025,2307.0636032806215
437,KOR,2012,70079.0,106838.0,7240193833.8518,50199853.0,Republic of Korea,,144.22739114100196,1396.0001038250052,2128.253244088185
438,KOR,2013,66353.0,109503.0,7042429406.931,50428893.0,Republic of Korea,71.0,139.65068412132305,1315.7734793028274,2171.4337453332555
439,KOR,2014,67860.0,110296.0,7095916227.0136,50746659.0,Republic of Korea,65.0,139.8302147736189,1337.2308904119186,2173.463281592587
440,KOR,2015,68371.0,109260.0,8590822330.0301,51014947.0,Republic of Korea,72.0,168.3981428037179,1340.2150550112303,2141.7252477004436
441,KOR,2016,86871.0,102648.0,7577196134.4435,51217803.0,Republic of Korea,72.0,147.94067083360642,1696.1094563154145,2004.1468783813316
442,KOR,2017,89964.0,103257.0,7575425187.1743,51361911.0,Republic of Korea,75.0,147.49110848259326,1751.570341687637,2010.380805340362
443,KOR,2018,92193.0,101254.0,5302571973.1718,51585058.0,Republic of Korea,73.0,102.79278881826205,1787.203573561941,1962.8552128408967
444,KOR,2019,100381.0,98858.0,6291356153.5583,51764822.0,Republic of Korea,73.0,121.53728942713838,1939.1740591709172,1909.7525342596562
445,SVK,2000,2870.0,8435.0,92744270.272894,5400679.0,Slovakia,,17.172705556633527,531.4146610083658,1561.8406500367823
446,SVK,2001,2805.0,8253.0,271790246.55332,5379780.0,Slovakia,,50.520699090542735,521.3967857421679,1534.0776016863142
447,SVK,2002,2682.0,8236.0,366987998.2718,5378809.0,Slovakia,,68.22848669134747,498.623394137996,1531.1939873678355
448,SVK,2003,2316.0,7757.0,129650303.1831,5378950.0,Slovakia,,24.103273535374004,430.56730402773775,1442.103012669759
449,SVK,2004,2228.0,7882.0,121066150.68589,5382574.0,Slovakia,,22.492240828624002,413.92835472396666,1464.355157959742
450,SVK,2005,2182.0,7740.0,203124705.89368,5387285.0,Slovakia,,37.70446633019787,405.0277644490685,1436.7162680274016
451,SVK,2006,2213.0,7816.0,274481472.43913,5391184.0,Slovakia,44.0,50.91302252698665,410.484969535449,1449.7742981875595
452,SVK,2007,2165.0,7737.0,338934828.98624,5397766.0,Slovakia,,62.791686224678884,401.0918591135666,1433.3707685735174
453,SVK,2008,2296.0,6567.0,239576097.10781,5406972.0,Slovakia,,44.30873640695938,424.6369317244476,1214.5430011474075
454,SVK,2009,2264.0,5295.0,189078848.55796,5418374.0,Slovakia,,34.89586517245949,417.8375283802853,977.230438504245
455,SVK,2010,2309.0,5142.0,289058823.54301,5431024.0,Slovakia,49.0,53.22363214432674,425.1500269562425,946.7827798220004
456,SVK,2011,2431.0,5338.0,301474116.6844,5398384.0,Slovakia,59.0,55.84525233558784,450.31994759913334,988.8144303925027
457,SVK,2012,2459.0,5300.0,224110220.95591,5407579.0,Slovakia,53.0,41.443725733070195,454.7321453833592,980.105884722165
458,SVK,2013,2485.0,5166.0,334365325.0774,5413392.5,Slovakia,52.0,61.76631845509078,459.0467068478777,954.29991451756
459,SVK,2014,2583.0,5281.0,281059063.13646,5418649.0,Slovakia,55.0,51.86884463940366,476.6870856554835,974.5971735759227
460,SVK,2015,3411.0,5268.0,295500000.0,5423800.5,Slovakia,51.0,54.48209239996936,628.8948127793417,971.274662480672
461,SVK,2016,3595.0,5829.0,130039525.6917,5430797.5,Slovakia,56.0,23.944830513695273,661.9653927438834,1073.323024841195
462,SVK,2017,3873.0,5925.0,221572387.3442,5439231.5,Slovakia,60.0,40.73597296680606,712.0491194390237,1089.3082965856481
463,SVK,2018,3915.0,6239.0,259183673.46939,5446770.5,Slovakia,59.0,47.584834622532746,718.7745472294087,1145.449399786534
464,SVK,2020,2180.0,3742.0,153605560.38228,5458827.0,Slovakia,60.0,28.138931748941665,399.35319437674065,685.4952538338365
465,EST,2000,263.0,2630.0,32474662.775855,1396985.0,Estonia,,23.246250157199256,188.2625797700047,1882.6257977000469
466,EST,2001,182.0,2720.0,24252261.433928,1388115.0,Estonia,,17.471363276045572,131.1130561949118,1959.4918288470335
467,EST,2002,178.0,2603.0,27970586.90218,1379350.0,Estonia,,20.27809250892087,129.04628991916482,1887.1207452785732
468,EST,2003,181.0,2573.0,23964221.539459,1370720.0,Estonia,,17.482944393792316,132.04739115209526,1877.1156764328236
469,EST,2004,192.0,2714.0,28139451.276372,1362550.0,Estonia,,20.652050402827054,140.91226010054677,1991.853509962937
470,EST,2005,247.0,2938.0,26224129.677593,1354775.0,Estonia,,19.356815469427026,182.31809710099463,2168.6257865697257
471,EST,2006,256.0,3112.0,24960441.862693,1346810.0,Estonia,52.0,18.533009008466674,190.07877874384658,2310.645154104885
472,EST,2007,272.0,2909.0,31629510.27358,1340680.0,Estonia,53.0,23.59214001370946,202.8821195214369,2169.7944326759557
473,EST,2008,274.0,2676.0,23448112.715374,1337090.0,Estonia,50.0,17.536674954845225,204.92263048859837,2001.361164917844
474,EST,2009,249.0,2336.0,41220575.036618,1334515.0,Estonia,60.0,30.888056737180175,186.58463936336423,1750.4486648707582
475,EST,2010,248.0,2266.0,40101730.973997,1331475.0,Estonia,,30.118275577083306,186.25959931654745,1701.8719840778085
476,EST,2011,241.0,2260.0,104460290.29283,1327439.0,Estonia,62.0,78.69310024251962,181.55259865048413,1702.5264437763242
477,EST,2012,236.0,2490.0,50694134.215207,1322696.0,Estonia,60.0,38.32636842872966,178.4234623828907,1882.5187344635501
478,EST,2013,225.0,2619.0,26773916.623665,1317997.0,Estonia,68.0,20.3140952700689,170.71359039512228,1987.1061921992234
479,EST,2014,282.0,2569.0,15578743.132611,1314545.0,Estonia,68.0,11.851053507191462,214.5228957548049,1954.2883659365027
480,EST,2015,289.0,3315.0,13100000.0,1314608.0,Estonia,65.0,9.964947725862006,219.83739639497097,2521.6642527658437
481,EST,2016,316.0,2995.0,14613194.566459,1315790.0,Estonia,69.0,11.10602342809947,240.15990393603843,2276.1990895203644
482,EST,2017,367.0,2929.0,13701999.721768,1317384.0,Estonia,64.0,10.400915543051987,278.5824027011107,2223.345660794423
483,EST,2018,417.0,2924.0,25771637.63218,1321977.0,Estonia,65.0,19.494770054380673,315.43665283132765,2211.838783882019
484,EST,2019,392.0,3240.0,31599430.935998,1326855.0,Estonia,67.0,23.815285721497826,295.4354469780044,2441.8644086957506
485,EST,2020,263.0,1641.0,30518980.644836,1329479.0,Estonia,65.0,22.95559436804643,197.8218535230718,1234.3181050622086
486,POL,2000,24092.0,59245.0,268209110.00955,38258477.5,Poland,,7.01044912227754,629.7166425402056,1548.5456785362146
487,POL,2001,22469.0,55402.0,135940037.38017,38248076.0,Poland,,3.554166682271024,587.4543859408772,1448.4911607057045
488,POL,2002,20749.0,52047.0,134437887.36621,38232301.0,Poland,,3.5163430881706548,542.7086379132661,1361.335798229879
489,POL,2003,19638.0,51647.0,272894011.22928,38195177.0,Poland,,7.144724351697074,514.1486842697443,1352.186429192356
490,POL,2004,18690.0,51068.0,303315027.7167,38180249.0,Poland,,7.944291503093655,489.5201181113303,1337.5502082241528
491,POL,2005,18157.0,49189.0,281780339.29566,38161313.0,Poland,,7.383926734797098,475.7959978997578,1288.9755653847656
492,POL,2006,18552.0,48654.0,401212594.62178,38132277.0,Poland,60.0,10.521600758899869,486.5169735339959,1275.926952906589
493,POL,2007,19859.0,47679.0,687945180.51561,38115967.0,Poland,61.0,18.04874005992318,521.015248019288,1250.8930968483628
494,POL,2008,20195.0,47723.0,859568676.55746,38115909.0,Poland,53.0,22.55144109399201,529.8312575990251,1252.0493739241533
495,POL,2009,18637.0,43903.0,733919983.72644,38153389.0,Poland,58.0,19.23603650848526,488.47561090837826,1150.697255229411
496,POL,2010,17921.0,41651.0,707317390.77118,38516689.0,Poland,58.0,18.363919878242392,465.27883017151345,1081.3754006737183
497,POL,2011,18177.0,40126.0,947141433.80554,38525670.0,Poland,54.0,24.584684284674086,471.81528575622434,1041.53931651286
498,POL,2012,17826.0,39419.0,437806322.19312,38533789.0,Poland,56.0,11.361621412135724,462.60698629973814,1022.972332152439
499,POL,2013,16797.0,37781.0,267058554.24848,38502396.0,Poland,55.0,6.9361541616391875,436.2585642722079,981.2636075947066
500,POL,2014,16015.0,39158.0,53483645.44084,38483957.0,Poland,56.0,1.3897647126266148,416.1474351507045,1017.5149088748852
501,POL,2015,17367.0,37580.0,340441809.31433,38454576.0,Poland,67.0,8.853089663875894,451.6237547385778,977.2569069543244
502,POL,2016,19175.0,36774.0,339632226.32619,38426809.0,Poland,55.0,8.838418676039169,499.0005805582243,956.9881277417545
503,POL,2017,20319.0,36065.0,508220671.52708,38422346.0,Poland,72.0,13.227216045763578,528.8328828229281,938.6464845223142
504,POL,2018,21043.0,34544.0,455115332.608,38413139.0,Poland,63.0,11.84790788922509,547.807353103843,899.2756358703203
505,POL,2019,22056.0,36236.0,632116333.21997,38386476.0,Poland,66.0,16.4671623730183,574.57735896361,943.9782906875848
506,POL,2020,12487.0,19311.0,598606279.38349,38354173.0,Poland,50.0,15.607331160118873,325.5708316276302,503.49149752231654
507,ITA,2000,47133.0,93550.0,6083502728.1481,56942108.0,Italy,,106.83662656373909,827.7354256010333,1642.8966767440363
508,ITA,2001,46752.0,95593.0,6302810046.077,56976976.0,Italy,,110.62029768089131,820.5419676888433,1677.7478678405116
509,ITA,2002,45956.0,96945.0,6943833498.8123,57089823.0,Italy,,121.62997070094787,804.9770972314979,1698.1135149079023
510,ITA,2003,45222.0,98319.0,9020128667.5115,57399187.0,Italy,,157.14732453460533,787.8508801875539,1712.898825553052
511,ITA,2004,49254.0,99760.0,10454173243.298,57828178.0,Italy,,180.77991741842533,851.730102926639,1725.1105507768202
512,ITA,2005,50088.0,100954.0,11837176295.4,58166684.0,Italy,,203.50440288808625,861.1114912447132,1735.5983366698367
513,ITA,2006,50185.0,103049.0,10218263009.204,58399863.0,Italy,47.0,174.97066746892884,859.3342076846995,1764.54181065459
514,ITA,2007,49780.0,102657.0,8561558836.1297,58756247.0,Italy,47.0,145.71316708042465,847.229061447713,1747.1674118328217
515,ITA,2008,49524.0,102438.0,7717113814.6917,59211183.0,Italy,46.0,130.33203229011147,836.3960571434623,1730.0448126496644
516,ITA,2009,48124.0,101706.0,6071573463.1563,59555456.0,Italy,51.0,101.94823230228141,808.0535895821199,1707.7528547510408
517,ITA,2010,47172.0,102219.0,5073611480.202,59819402.0,Italy,49.0,84.81548311368942,788.5735801905877,1708.7934112079556
518,ITA,2011,46845.0,102444.0,4672183455.9093,60026844.0,Italy,51.0,77.8349009304787,780.4008486603094,1706.6364508518889
519,ITA,2012,46759.0,101512.0,4366101415.5317,60191243.0,Italy,55.0,72.5371532123319,776.8405779558332,1686.4911728106363
520,ITA,2013,48739.0,101770.0,4179053823.2249,60311616.0,Italy,55.0,69.29102717501219,808.1196166257591,1687.4029705985658
521,ITA,2014,49957.0,102806.0,4786176408.2481,60320708.0,Italy,35.0,79.34549455633214,828.1898813256635,1704.323496998742
522,ITA,2015,52207.0,102508.0,2861000000.0,60229599.0,Italy,39.0,47.50156148308409,866.7997274894691,1701.9538848332695
523,ITA,2016,52178.0,102313.0,3830561433.3459,60115220.0,Italy,38.0,63.72032628918101,867.9665482385326,1701.9483585022228
524,ITA,2017,53231.0,102679.0,3235527982.0161,60002254.0,Italy,41.0,53.92344064301484,887.1500060647721,1711.2523806189015
525,ITA,2018,55493.0,102600.0,2777696700.8163,59877216.0,Italy,42.0,46.389877258426644,926.7798957119182,1713.5065197420001
526,ITA,2019,56586.0,104293.0,4093634908.6983,59729077.0,Italy,34.0,68.5367180326309,947.3777738102332,1746.1009819388303
527,CHN,2000,453259.0,665742.0,16739884477.31,1290550767.0,China,,12.971116600258469,351.21361483023315,515.8588232430224
528,CHN,2001,476682.0,720708.0,16815002014.661,1299129747.0,China,,12.943281495547957,366.92408983842626,554.7621410904387
529,CHN,2004,571220.0,874840.0,18706479107.794,1323084639.0,China,,14.138535477165341,431.73352872703106,661.2124230096213
530,CHN,2005,606196.0,929208.0,26968456694.641,1330776380.0,China,,20.265205409372385,455.52055860805103,698.2450349772514
531,CHN,2006,662212.0,1013085.0,40253690516.255,1338408644.0,China,,30.075784923169547,494.7756449188025,756.9324993092318
532,CHN,2007,721631.0,1150677.0,47354535454.475,1345993891.0,China,66.0,35.18183534941096,536.1324481672555,854.8902098991771
533,CHN,2008,777860.0,1247611.0,71784656365.975,1353569480.0,China,66.0,53.033595560957096,574.6731228012027,921.7192160686129
534,CHN,2009,787889.0,1351144.0,117635718294.53,1361169410.0,China,63.0,86.42254037616816,578.8324320335703,992.6347081220405
535,CHN,2010,876218.0,1502081.0,125944986970.11,1368810604.0,China,70.0,92.01052841208849,640.1309263965929,1097.362188465337
536,CHN,2011,961229.0,1676025.0,90433747156.895,1376497633.0,China,70.0,65.69844000370686,698.3150402555033,1217.6010766885206
537,CHN,2012,981233.0,1846755.0,91568028312.781,1384206408.0,China,70.0,66.15200434239068,708.8776603900825,1334.1615739724273
538,CHN,2013,1059560.0,1125090.0,97846382106.626,1391883335.0,China,70.0,70.29783290467086,761.2419614176931,808.3220566758205
539,CHN,2014,1124190.0,1099680.0,111561164788.05,1399453966.0,China,,79.71763809203425,803.3061660564832,785.7921923242454
540,CHN,2015,1196060.0,1074270.0,111893102345.15,1406847868.0,China,,79.53461414717088,850.1701052441016,763.6006880596133
541,CHN,2016,1257930.0,1022870.0,110600406221.83,1414049353.0,China,,78.21537910765552,889.59412720017,723.3623054456431
542,CHN,2017,1345690.0,976520.0,109641956957.56,1421021794.0,China,72.0,77.15712554198869,946.987587158709,687.1956532427398
543,CHN,2018,1414660.0,927970.0,100533021355.4,1427647789.0,China,79.0,70.41864396107015,990.9026658395225,649.9992555236605
544,CHN,2019,1470660.0,885710.0,95980136698.514,1433783692.0,China,82.0,66.94185268952968,1025.719575557845,617.743112117919
545,GBR,2000,46506.213654,46500.0,5848797309.3091,58886065.0,United Kingdom,,99.32396245714669,789.7660279049041,789.6605079656791
546,GBR,2001,47471.882913,46540.0,6932300113.2731,59113016.0,United Kingdom,,117.27197464045989,803.0698841859127,787.3054557053898
547,GBR,2002,47992.683913,46900.0,7993614149.5258,59365677.0,United Kingdom,,134.65043360872983,808.4247723309885,790.0187847600896
548,GBR,2003,49224.35476,47000.0,9908809143.4554,59636662.0,United Kingdom,,166.15298058525477,825.404258206135,788.1058131657335
549,GBR,2004,50018.278,41026.703650225,7007538815.9681,59950364.0,United Kingdom,,116.88901198278128,834.3281785578483,684.3445295882607
550,GBR,2005,51361.639,42464.035097145,7167508179.8254,60413276.0,United Kingdom,,118.64127646091234,850.1713927912136,702.8924420047177
551,GBR,2006,53900.416,40470.421339182,9201094449.192,60827067.0,United Kingdom,57.0,151.26644934551916,886.125513827586,665.3357351453753
552,GBR,2007,57405.335,40697.97657213,8425287861.8882,61319075.0,United Kingdom,59.0,137.40076577946095,936.174183971301,663.7082599848416
553,GBR,2008,60221.458,43209.530214968,9456299266.914,61823772.0,United Kingdom,60.0,152.95571526942743,974.0825584048803,698.9144922274882
554,GBR,2009,60335.555,44219.152266578,9170754150.3663,62260486.0,United Kingdom,67.0,147.29653974057157,969.0826216807881,710.228189779598
555,GBR,2010,63047.61,44723.40623386,8978747658.3825,62759456.0,United Kingdom,66.0,143.06605300056296,1004.5914037240858,712.6162188827768
556,GBR,2011,66099.044,42607.020027267,10245504819.479,63285145.0,United Kingdom,72.0,161.8943089958789,1044.4638153234853,673.254679708279
557,GBR,2012,69014.878,42226.389866547,10585369226.341,63705030.0,United Kingdom,70.0,166.16222025703465,1083.350529777633,662.8423197751731
558,GBR,2013,70703.517,40381.516480213,10244864572.748,64105654.0,United Kingdom,71.0,159.81218400405055,1102.9217017269648,629.9212933731712
559,GBR,2014,73714.966,39617.897343081,11533225396.262,64596752.0,United Kingdom,70.0,178.54187771332528,1141.1559206568156,613.310981070395
560,GBR,2015,76060.135,39366.880151348,14665633608.815,65110034.0,United Kingdom,76.0,225.24383275264455,1168.178394746346,604.620789344819
561,GBR,2016,78228.912,34364.239151523,15065381212.464,65648054.0,United Kingdom,72.0,229.48709511578213,1191.6409890840023,523.461657393881
562,GBR,2017,79496.193,37978.844989944,15572692006.309,66040229.0,United Kingdom,71.0,235.8061478906895,1203.7540481575254,575.0865126458601
563,GBR,2018,80980.168,35267.40274046,15663478808.605,66435550.0,United Kingdom,69.0,235.76953616858745,1218.9282394741972,530.851370094174
564,GBR,2019,82550.430261516,32638.842819872,14537909111.918,66796807.0,United Kingdom,70.0,217.64377318092465,1235.8439567555376,488.6287875986647
565,NZL,2017,544.54,1057.2004613965,138476685.03436,4813600.0,New Zealand,47.0,28.767800613752698,113.12531161708493,219.62781730856324
566,NZL,2018,743.27,1129.1260058904,217692801.17252,4900600.0,New Zealand,51.0,44.421662892813124,151.66918336530222,230.4056658144717
567,NZL,2019,776.56,1157.6512178532,148206018.88865,4979200.0,New Zealand,50.0,29.76502628708427,155.9607969151671,232.4974328914685
568,NZL,2020,802.03456282044,1391.8383391786,133385410.33309,5090200.0,New Zealand,51.0,26.204355493514992,157.56444988810654,273.43490220003144
569,BEL,2000,7755.0,13270.0,1341751954.7993,10251247.0,Belgium,,130.88670625137604,756.493331981953,1294.4766622050956
570,BEL,2001,8036.0,13470.0,1122449306.3663,10286571.0,Belgium,,109.11792728269704,781.2127092692016,1309.4742650393412
571,BEL,2002,8260.0,14540.0,1351262429.4197,10332783.0,Belgium,,130.77429666525464,799.3974130686767,1407.1717174356609
572,BEL,2003,8265.0,16350.0,1230046442.9687,10376130.0,Belgium,,118.54578180580813,796.5397503693573,1575.7319925637014
573,BEL,2004,8676.0,17110.0,1221944838.5459,10421133.0,Belgium,,117.2564286959873,832.5390339035113,1641.8560246760117
574,BEL,2005,9150.0,17540.0,1154563680.7972,10478617.0,Belgium,,110.18283050112433,873.20683636018,1673.8850174598422
575,BEL,2006,9607.0,18070.0,1077468143.9899,10547956.0,Belgium,64.0,102.14947274997166,910.7925744096771,1713.1281169546023
576,BEL,2007,9932.0,18730.0,911745875.7822,10625701.0,Belgium,59.0,85.8057153859496,934.714801404632,1762.7072322099032
577,BEL,2008,10406.0,17610.0,1060639539.1461,10709976.0,Belgium,64.0,99.0328586306916,971.6174900858788,1644.2613877005888
578,BEL,2009,10427.0,17630.0,1531422334.7052,10796498.0,Belgium,,141.84435867122838,965.7761248138054,1632.93690231777
579,BEL,2010,10403.0,17385.0,1501054605.0358,10895589.0,Belgium,61.0,137.76718312665795,954.7900531123191,1595.5998340245765
580,BEL,2011,11003.0,17670.0,1358936309.155,10993616.0,Belgium,57.0,123.61140403257671,1000.8535862995396,1607.2964527776849
581,BEL,2012,10857.0,17905.0,1373256055.3682,11067748.0,Belgium,59.0,124.07727889794745,980.9583665981553,1617.7636136999145
582,BEL,2013,10595.0,16170.0,1234106984.7444,11125033.0,Belgium,68.0,110.93063586817226,952.356725593533,1453.4788346245805
583,BEL,2014,10974.0,15790.0,1125994469.9797,11179778.0,Belgium,67.0,100.71706879865594,981.5937311098664,1412.3715157850183
584,BEL,2015,10333.0,15170.0,1005993899.6279,11238474.0,Belgium,64.0,89.513389418163,919.4308764695278,1349.827387597284
585,BEL,2016,10025.0,13533.0,943979988.76969,11295003.0,Belgium,60.0,83.5750100083807,887.5606319006732,1198.1404520211283
586,LTU,2000,611.0,2266.0,18316493.901682,3499534.0,Lithuania,,5.233980839072288,174.59467460524743,647.5147833968751
587,LTU,2001,533.0,2331.0,26808067.82925,3470817.0,Lithuania,,7.723849407574643,153.566148834698,671.5997991251052
588,LTU,2002,498.0,2508.0,60423171.749808,3443066.0,Lithuania,,17.549234243493444,144.63852856727115,728.4205414592692
589,LTU,2003,432.0,2583.0,87514643.130266,3415209.0,Lithuania,,25.624974380855168,126.49299061931495,756.3226730779874
590,LTU,2004,443.0,3140.0,68854964.253473,3377073.0,Lithuania,,20.388947545247913,131.17868639499355,929.799266998374
591,LTU,2005,428.0,3267.0,66054620.419916,3322525.0,Lithuania,,19.88084978139096,128.8176913642486,983.2883123528039
592,LTU,2006,431.0,3283.0,47761181.711743,3269903.0,Lithuania,58.0,14.60629924243716,131.8081912521564,1004.0053175889316
593,LTU,2007,409.0,3170.0,69801396.758462,3231297.0,Lithuania,51.0,21.60166544841344,126.5745612365561,981.030217897024
594,LTU,2008,398.0,2952.0,87444580.150706,3198234.0,Lithuania,45.0,27.341520398665637,124.44367735443998,923.009385804791
595,LTU,2009,357.0,2382.0,78312126.213774,3162911.0,Lithuania,50.0,24.759509898879227,112.87070676348465,753.1037073126623
596,LTU,2010,373.0,2348.0,112746669.41829,3097292.0,Lithuania,51.0,36.40169200007297,120.42778013826272,758.0815757765171
597,LTU,2011,389.0,2400.0,116066882.67064,3028119.0,Lithuania,52.0,38.32969664357312,128.46258684021333,792.5712298624989
598,LTU,2012,403.0,2387.0,141171917.31226,2987773.0,Lithuania,53.0,47.24988053384912,134.88307177285557,798.9228097315291
599,LTU,2013,391.0,2521.0,140859107.06324,2957689.0,Lithuania,47.0,47.624718847465026,132.19780713929018,852.3546593303082
600,LTU,2014,373.0,2672.0,264238310.16379,2932366.0,Lithuania,59.0,90.11095823774725,127.20103834241701,911.2095829783867
601,LTU,2015,361.0,2457.0,180000000.0,2904908.0,Lithuania,55.0,61.964096625435296,124.27243823212301,845.8099189371918
602,LTU,2016,396.0,2361.0,68887902.700608,2868234.0,Lithuania,57.0,24.017532286629333,138.06404916753655,823.1545961731156
603,LTU,2017,424.0,2474.0,46255065.569227,2828398.0,Lithuania,56.0,16.353803661729007,149.90818123899112,874.7000952482642
604,LTU,2018,468.0,2583.0,59386947.897304,2801541.0,Lithuania,44.0,21.197957801547076,167.05091947610262,921.9925748007971
605,LTU,2019,479.0,2646.0,76322074.582513,2794135.0,Lithuania,43.0,27.31509915680989,171.43051427364819,946.9835924176892
606,LTU,2020,260.0,1486.0,152693380.25361,2794890.0,Lithuania,51.0,54.63305541671049,93.0269169806325,531.6846101277689
607,RUS,2000,167054.0,173360.0,4967334474.1781,146596873.0,Russian Federation,,33.884313986547994,1139.5468169365386,1182.562741293943
608,RUS,2001,157901.0,171718.0,5442722110.289,145976465.0,Russian Federation,,37.284928843077545,1081.6880652644932,1176.3403093779534
609,RUS,2002,152871.0,170240.0,3368050286.9744,145306489.0,Russian Federation,,23.17893929000239,1052.059003366326,1171.5925501441302
610,RUS,2003,157573.0,165647.0,5625400581.7379,144565937.0,Russian Federation,,38.912351681695945,1089.973221008487,1145.8231685656351
611,RUS,2004,164272.0,168289.0,5527777799.2628,143821218.0,Russian Federation,,38.435064562329046,1142.195861531363,1170.1263717569127
612,RUS,2005,172217.0,141903.0,5167210217.264,143113885.0,Russian Federation,,36.105582748061096,1203.356334013293,991.5390110470413
613,RUS,2006,177838.0,135590.0,4525328344.4469,142487259.0,Russian Federation,58.0,31.759529772742,1248.0975579718324,951.5938544371886
614,RUS,2007,174085.0,149542.0,4996812048.6697,142114903.0,Russian Federation,54.0,35.16036631759654,1224.9594963309373,1052.261211478996
615,RUS,2008,175872.0,151774.0,7645672932.3824,141956413.0,Russian Federation,59.0,53.85929927929638,1238.9154972519627,1069.1591650741414
616,RUS,2009,151467.0,141191.0,6574507837.8178,141909248.0,Russian Federation,57.0,46.32895974346788,1067.351156705446,994.9386808109927
617,RUS,2010,138885.0,140333.0,7544624982.9718,142389969.0,Russian Federation,61.0,52.98564945239787,975.3847196918766,985.5539753646551
618,RUS,2011,139742.0,138284.0,7631354776.5817,142960911.0,Russian Federation,56.0,53.380708916870994,977.4839781204248,967.2853861430696
619,RUS,2012,144612.0,132968.0,7750775502.448,143201721.0,Russian Federation,54.0,54.12487677049636,1009.8481986819139,928.5363267386989
620,RUS,2013,138517.0,126042.0,6936948031.7328,143506995.0,Russian Federation,59.0,48.33874496314831,965.2282106527281,878.2986501807804
621,RUS,2014,130027.0,127090.0,5262114061.1157,143819657.0,Russian Federation,62.0,36.58828126057691,904.0975532294588,883.6761444925431
622,RUS,2015,120644.0,126271.0,5022319784.8168,146406004.0,Russian Federation,58.0,34.30405616983304,824.0372437185022,862.4714598453216
623,RUS,2016,124620.0,123977.0,5154006479.5875,146674542.0,Russian Federation,59.0,35.139066461768806,849.6361965800445,845.2523410640682
624,RUS,2017,123096.0,122943.0,3245676701.8986,146842404.0,Russian Federation,63.0,22.103129705630536,838.286466625812,837.2445332616592
625,RUS,2018,129542.0,122152.0,3954297447.2337,146830572.0,Russian Federation,60.0,26.931022561389327,882.2549570943577,831.9248391949328
626,RUS,2019,133589.0,121942.0,5729565864.3712,146764661.0,Russian Federation,63.0,39.039138068606306,910.2259296602742,830.8675887583047
627,RUS,2020,78573.9,88220.2,5128452494.6252,146459803.0,Russian Federation,66.0,35.016109468788514,536.4878170701895,602.3509399367415
628,CZE,2000,7300.0,9351.0,643902247.5757,10272503.0,Czech Republic,,62.68211823113608,710.6349835088878,910.2942096974807
629,CZE,2001,7299.0,10608.0,624234798.91342,10224192.0,Czech Republic,,61.05468274788071,713.8950442245216,1037.5392011417625
630,CZE,2002,6597.0,9668.0,657765655.32475,10200774.0,Czech Republic,,64.48193591238763,646.715631578545,947.7712181448192
631,CZE,2003,6518.0,9449.0,583925211.58612,10201651.0,Czech Republic,,57.23830501417075,638.9161911145559,926.2226280824545
632,CZE,2004,6590.0,8516.0,559484750.30485,10206923.0,Czech Republic,,54.81424228485411,645.6402188984869,834.3356758937047
633,CZE,2005,6667.0,8608.0,595414380.57763,10234092.0,Czech Republic,,58.1795024490331,651.4500749064988,841.110281205211
634,CZE,2006,6922.0,9501.0,530858383.10053,10266646.0,Czech Republic,56.0,51.70708945263429,674.2221364211837,925.4239407884522
635,CZE,2007,6900.0,9519.0,657925446.9157,10322689.0,Czech Republic,62.0,63.735858642617245,668.4304835687678,922.1434453755219
636,CZE,2008,6803.0,9369.0,1125126531.5461,10429692.0,Czech Republic,,107.87725385812927,652.2723777461501,898.3007360140645
637,CZE,2009,6503.0,9494.0,711851522.07896,10491492.0,Czech Republic,64.0,67.85036123355572,619.8355772467825,904.9237229557054
638,CZE,2010,6591.0,10816.0,517030807.33051,10517247.0,Czech Republic,66.0,49.16027999822673,626.6849109847852,1028.4060077699041
639,CZE,2011,6714.0,9267.0,401995711.67775,10496672.0,Czech Republic,65.0,38.29744434023946,639.6313040933355,882.8512503772624
640,CZE,2012,7265.0,9015.0,353882089.92242,10509286.0,Czech Republic,62.0,33.67327617903062,691.293395193546,857.8127952745791
641,CZE,2013,7601.0,9026.0,324422224.25437,10510719.0,Czech Republic,60.0,30.865845072479814,723.1665122053021,858.7423943119401
642,CZE,2014,7797.0,10010.0,464609671.51906,10524783.0,Czech Republic,64.0,44.14434687338067,740.8228749229319,951.0884927508719
643,CZE,2015,8298.112592,9995.9,1164925783.3975,10542942.0,Czech Republic,71.0,110.49342616107535,787.0775151755553,948.1129650528287
644,CZE,2016,8843.373268,10257.1,667377686.61543,10565284.0,Czech Republic,70.0,63.16703712038692,837.0218224138604,970.8305048875166
645,CZE,2017,9497.566454,11177.8,531927624.1221,10589526.0,Czech Republic,70.0,50.23148572675491,896.88305727754,1055.5524392687641
646,CZE,2018,10286.019,10950.4,659529600.56863,10626430.0,Czech Republic,71.0,62.065020949522086,967.9656290965074,1030.4871909004246
647,CZE,2019,10930.618,10547.0,650665194.01416,10669324.0,Czech Republic,,60.984669133129714,1024.4902113760909,988.5349812228029
648,CZE,2020,6665.141,5444.0,952904526.2965,10700155.0,Czech Republic,78.0,89.05520773264499,622.9013504944554,508.7776765850588
