,LOCATION,TIME,Rail Million Passenger KM,Country,GDP Growth Rate,Population (thousands),Rail Passenger KM per capita
0,AUS,1970,12473.066624137,Australia,4.000933,12507.35,997.2589416732561
1,AUS,1971,12674.783011064,Australia,3.910284,13067.26,969.9648595852536
2,AUS,1972,11616.093760658,Australia,2.619376,13303.66,873.1502278815002
3,AUS,1973,11474.354465217,Australia,4.106973,13504.54,849.6664429308217
4,AUS,1974,10520.293577346,Australia,1.33631,13722.57,766.6416405488184
5,AUS,1975,9996.1291856292,Australia,2.588771,13893.0,719.5083269005397
6,AUS,1976,8927.7716456509,Australia,3.594833,14033.08,636.1947374098131
7,AUS,1977,8874.9477932679,Australia,0.89315,14192.23,625.3384981266439
8,AUS,1978,8662.9471002671,Australia,4.050027,14359.25,603.3008061191983
9,AUS,1979,8503.0213416576,Australia,3.035589,14515.73,585.7797948609956
10,AUS,1980,8815.4133857769,Australia,3.339495,14695.36,599.8773344631842
11,AUS,1981,9113.1882187926,Australia,3.324852,14923.26,610.6700693275196
12,AUS,1982,9087.7718099571,Australia,-2.224542,15184.25,598.499880465423
13,AUS,1983,8931.8202093894,Australia,4.591739,15393.47,580.2343597245715
14,AUS,1984,8846.2455406655,Australia,5.278244,15579.39,567.817195709556
15,AUS,1985,8834.0411994476,Australia,3.966274,15788.31,559.5305133638496
16,AUS,1986,9231.3767030921,Australia,2.559258,16018.35,576.3000997663368
17,AUS,1987,9511.7125834539,Australia,5.757341,16263.87,584.836978127217
18,AUS,1988,9984.7247488997,Australia,3.875426,16532.16,603.9576648725696
19,AUS,1989,10215.876913181,Australia,3.576486,16814.42,607.5664169909519
20,AUS,1990,10031.622567036,Australia,-0.383072,17065.13,587.8433136481234
21,AUS,1991,10057.13556419,Australia,0.42862,17284.04,581.874119950544
22,AUS,1992,9963.3775012095,Australia,4.047425,17479.0,570.0198810692546
23,AUS,1993,9743.4133634613,Australia,3.980923,17634.0,552.5356336316945
24,AUS,1994,9963.2268661599,Australia,3.887106,17805.0,559.5746625195113
25,AUS,1995,10344.505996047,Australia,3.856841,18004.0,574.5670959812819
26,AUS,1996,10696.252435836,Australia,3.912835,18226.0,586.8677952285747
27,AUS,1997,10976.875472385,Australia,4.613357,18421.0,595.889228184409
28,AUS,1998,10950.918994143,Australia,4.956325,18609.0,588.4743400581976
29,AUS,1999,11164.803792244,Australia,3.901171,18813.0,593.4621693639505
30,AUS,2000,11552.161964256,Australia,2.041417,19028.0,607.1138303687198
31,AUS,2001,12149.624986664,Australia,3.99359,19275.0,630.3307386077303
32,AUS,2002,12005.65718487,Australia,3.111398,19495.0,615.8326332326237
33,AUS,2003,12021.773106727,Australia,4.216633,19720.0,609.623382694067
34,AUS,2004,12087.046535813,Australia,3.153753,19934.0,606.3532926564161
35,AUS,2005,12062.893352373,Australia,2.740636,20178.0,597.8240337185548
36,AUS,2006,12590.874021192,Australia,3.777917,20452.0,615.6304528257383
37,AUS,2007,13212.731578192,Australia,3.56827,20828.0,634.3735153731516
38,AUS,2008,14276.384048686,Australia,1.870487,21251.0,671.7982235511741
39,AUS,2009,15004.14159834,Australia,2.206566,21690.0,691.7538772863071
40,AUS,2010,14992.79186061,Australia,2.391385,22032.0,680.5007198897058
41,AUS,2011,15275.793628,Australia,3.902008,22340.0,683.7866440465532
42,AUS,2012,15568.963881337,Australia,2.578754,22730.0,684.9522165128465
43,AUS,2013,15543.667841316,Australia,2.579017,23124.0,672.1876769294239
44,AUS,2014,15571.083308422,Australia,2.152736,23490.0,662.8813668974882
45,AUS,2015,16016.860652115,Australia,2.730548,23941.0,669.013852893154
46,AUS,2016,16503.758569102,Australia,2.282184,24361.0,677.466383527031
47,AUS,2017,17039.193726877,Australia,2.883045,24782.0,687.563301060326
48,AUS,2018,18020.934471189,Australia,2.171396,25200.0,715.1164472694048
49,AUS,2019,18841.831667914,Australia,-0.050885,25620.0,735.434491331538
50,AUS,2020,15053.004083646,Australia,2.236212,26039.0,578.0945536943046
51,AUS,2021,9327.6307951394,Australia,3.617589,26451.0,352.63811557746016
52,AUT,1971,6506.0,Austria,5.113129,7500.478,867.4113836478156
53,AUT,1972,6569.0,Austria,6.207861,7544.197,870.7354805289417
54,AUT,1973,6513.0,Austria,4.887301,7586.111,858.5426709416722
55,AUT,1974,6575.0,Austria,3.94375,7599.033,865.2416695650618
56,AUT,1975,6470.0,Austria,-0.362303,7578.9,853.6858910923748
57,AUT,1976,6500.0,Austria,4.577002,7565.521,859.1609222947104
58,AUT,1977,6773.0,Austria,5.079981,7568.426,894.9020575744547
59,AUT,1978,7109.0,Austria,-0.210653,7562.299,940.0580431955943
60,AUT,1979,7241.0,Austria,5.3567,7549.419,959.1466575109952
61,AUT,1980,7380.0,Austria,1.731485,7549.427,977.5576345065658
62,AUT,1981,7043.0,Austria,-0.144295,7568.706,930.5421560832195
63,AUT,1982,7217.0,Austria,2.011254,7574.136,952.8479551991145
64,AUT,1983,7150.0,Austria,2.973088,7561.907,945.5286874064968
65,AUT,1984,7004.0,Austria,0.051275,7561.429,926.2799399425691
66,AUT,1985,7290.0,Austria,2.498679,7564.981,963.6508009735913
67,AUT,1986,7332.0,Austria,2.301393,7569.789,968.5871032864985
68,AUT,1987,7363.0,Austria,1.357168,7574.581,972.0669697769421
69,AUT,1988,7783.0,Austria,3.29588,7585.312,1026.061947089322
70,AUT,1989,8444.0,Austria,3.887075,7619.562,1108.20018263517
71,AUT,1990,8463.0,Austria,4.345642,7677.844,1102.2625622505486
72,AUT,1991,8990.0,Austria,3.441627,7754.884,1159.2694358806657
73,AUT,1992,9501.0,Austria,2.093525,7840.703,1211.753588932013
74,AUT,1993,9342.0,Austria,0.526809,7905.629,1181.6896542956924
75,AUT,1994,9629.0,Austria,2.402119,7936.114,1213.3142240648258
76,AUT,1995,9625.0,Austria,2.667984,7948.274,1210.9547305490476
77,AUT,1996,9689.0,Austria,2.349534,7959.013,1217.3620020472388
78,AUT,1997,8140.0,Austria,2.093599,7968.036,1021.5817298014215
79,AUT,1998,7971.0,Austria,3.581426,7976.785,999.2747704745709
80,AUT,1999,7995.0,Austria,3.556331,7992.318,1000.3355722332369
81,AUT,2000,8206.0,Austria,3.375722,8011.562,1024.2696742532855
82,AUT,2001,8240.0,Austria,1.267168,8042.29,1024.5837939193937
83,AUT,2002,8300.0,Austria,1.651554,8082.121,1026.9581462588842
84,AUT,2003,8249.0,Austria,0.941471,8118.245,1016.1063136182757
85,AUT,2004,8295.0,Austria,2.73512,8169.441,1015.3693502407326
86,AUT,2005,8470.0,Austria,2.244065,8225.278,1029.752429036441
87,AUT,2006,9296.0,Austria,3.454042,8267.948,1124.3418560445712
88,AUT,2007,9580.0,Austria,3.727415,8295.189,1154.886284085872
89,AUT,2008,10837.0,Austria,1.460424,8321.541,1302.2828343932936
90,AUT,2009,10653.0,Austria,-3.764578,8341.483,1277.1110364907536
91,AUT,2010,10737.0,Austria,1.837094,8361.069,1284.1659361978716
92,AUT,2011,10875.0,Austria,2.922797,8388.534,1296.4124601509632
93,AUT,2012,11323.0,Austria,0.680446,8426.311,1343.7671597927017
94,AUT,2013,11915.0,Austria,0.025505,8468.57,1406.9671739148405
95,AUT,2014,12092.0,Austria,0.661273,8502.96,1422.0930123157113
96,AUT,2015,12208.0,Austria,1.014502,8538.252,1429.8008538515846
97,AUT,2016,12578.0,Austria,1.989437,8572.1,1467.3183933925175
98,AUT,2017,12656.7,Austria,2.258572,8603.972,1471.029891775566
99,AUT,2018,13204.7,Austria,2.425385,8635.234,1529.1652779762542
100,AUT,2019,13350.0,Austria,1.517389,8665.744,1540.548624561261
101,AUT,2020,7417.005,Austria,-6.453968,8696.226,852.8992921757093
102,AUT,2021,8433.154238,Austria,4.556851,8726.853,966.345398278165
103,BEL,1971,8425.0,Belgium,3.753021,9673.157,870.9669449177761
104,BEL,1972,8168.0,Belgium,5.255647,9711.111,841.098407792888
105,BEL,1973,8093.0,Belgium,6.122328,9741.716,830.7571273890554
106,BEL,1974,8279.0,Belgium,4.199634,9772.415,847.180558746226
107,BEL,1975,8528.0,Belgium,-1.327,9800.694,870.1424613399827
108,BEL,1976,8191.0,Belgium,5.652751,9818.224,834.2649342691712
109,BEL,1977,7667.0,Belgium,0.626135,9830.355,779.9311418560164
110,BEL,1978,7136.0,Belgium,2.841913,9839.53,725.2378924603106
111,BEL,1979,6955.0,Belgium,2.341058,9848.379,706.2075901018837
112,BEL,1980,6963.0,Belgium,4.479501,9859.237,706.2412639030789
113,BEL,1981,7078.0,Belgium,-0.279284,9858.976,717.9244578747326
114,BEL,1982,6879.0,Belgium,0.594987,9856.3,697.9292432251453
115,BEL,1983,6631.0,Belgium,0.311843,9855.514,672.8213262139346
116,BEL,1984,6444.0,Belgium,2.466383,9855.365,653.857061610605
117,BEL,1985,6572.0,Belgium,1.651793,9858.305,666.6460410790698
118,BEL,1986,6069.0,Belgium,1.822762,9861.82,615.4036476025723
119,BEL,1987,6270.0,Belgium,2.306659,9870.229,635.2436199808535
120,BEL,1988,6348.0,Belgium,4.723209,9901.661,641.1045581140376
121,BEL,1989,6400.0,Belgium,3.469167,9937.693,644.0126496159621
122,BEL,1990,6539.0,Belgium,3.137402,9967.373,656.0404632193458
123,BEL,1991,6771.0,Belgium,1.833074,10004.48,676.796795035824
124,BEL,1992,6798.0,Belgium,1.530655,10045.15,676.7444985888712
125,BEL,1993,6694.0,Belgium,-0.961873,10084.47,663.7929410271438
126,BEL,1994,6638.0,Belgium,3.226971,10115.6,656.2141642611411
127,BEL,1995,6757.0,Belgium,2.384757,10136.81,666.5805120151211
128,BEL,1996,6788.0,Belgium,1.321451,10156.63,668.331917181191
129,BEL,1997,6980.0,Belgium,3.793658,10181.24,685.5746451316343
130,BEL,1998,7097.0,Belgium,1.961808,10203.0,695.5797314515339
131,BEL,1999,7354.0,Belgium,3.542743,10226.41,719.1184394132448
132,BEL,2000,7755.0,Belgium,3.716679,10251.25,756.4931105962687
133,BEL,2001,8036.0,Belgium,1.099619,10286.57,781.212785214119
134,BEL,2002,8260.0,Belgium,1.706885,10332.78,799.397645164225
135,BEL,2003,8265.0,Belgium,1.037983,10376.13,796.5397503693573
136,BEL,2004,8676.0,Belgium,3.571204,10421.13,832.5392735720599
137,BEL,2005,9150.0,Belgium,2.321737,10478.61,873.2074196863897
138,BEL,2006,9607.0,Belgium,2.55235,10547.95,910.7930924966463
139,BEL,2007,9932.0,Belgium,3.676881,10625.7,934.7148893719943
140,BEL,2008,10406.0,Belgium,0.446929,10709.97,971.6180344109274
141,BEL,2009,10427.0,Belgium,-2.020743,10796.49,965.7768404361047
142,BEL,2010,10403.0,Belgium,2.864293,10920.27,952.6321235647104
143,BEL,2011,11003.0,Belgium,1.694514,11047.74,995.9503029578901
144,BEL,2012,10857.0,Belgium,0.739217,11128.24,975.6259749969448
145,BEL,2013,10595.0,Belgium,0.459242,11196.04,946.316733416458
146,BEL,2014,10974.0,Belgium,1.578533,11283.68,972.5550529614452
147,BEL,2015,10333.0,Belgium,2.041459,11369.21,908.8582232186757
148,BEL,2016,10025.0,Belgium,1.266686,11452.41,875.3616051119371
149,BEL,2017,10167.0,Belgium,1.61958,11533.04,881.5542129395199
150,BEL,2018,10500.0,Belgium,1.792945,11610.97,904.3172103622694
151,BEL,2019,10849.0,Belgium,2.240858,11686.13,928.3655068016529
152,BEL,2020,7397.0,Belgium,-5.361387,11758.44,629.0800480335827
153,BEL,2021,6970.0,Belgium,6.133866,11827.96,589.2816681828481
154,CAN,1995,1382.0,Canada,2.693976,29304.58,47.15986374826051
155,CAN,1996,1411.0,Canada,1.619172,29610.44,47.652111890265736
156,CAN,1997,1440.0,Canada,4.28004,29907.37,48.148667034246074
157,CAN,1998,1469.0,Canada,3.896152,30156.3,48.712872600418486
158,CAN,1999,1498.0,Canada,5.162914,30403.01,49.27143726887568
159,CAN,2000,1548.0,Canada,5.177636,30687.06,50.44471513400111
160,CAN,2001,1553.0,Canada,1.789973,31019.02,50.06605624549067
161,CAN,2002,1596.0,Canada,3.018051,31353.66,50.90314814921128
162,CAN,2003,1433.0,Canada,1.801518,31639.67,45.29124355595365
163,CAN,2004,1413.0,Canada,3.086981,31940.68,44.23825666829886
164,CAN,2005,1478.0,Canada,3.2042,32245.21,45.836265293356746
165,CAN,2006,1450.0,Canada,2.634304,32576.07,44.511201013504696
166,CAN,2007,1453.0,Canada,2.071825,32927.52,44.127222457081494
167,CAN,2008,1574.0,Canada,1.004289,33317.66,47.24221328868834
168,CAN,2009,1413.0,Canada,-2.925956,33726.91,41.895329278608685
169,CAN,2010,1404.0,Canada,3.089919,34126.55,41.140988467923066
170,CAN,2011,1404.0,Canada,3.1461,34483.98,40.71455789035952
171,CAN,2012,1376.0,Canada,1.760962,34880.49,39.4489870985184
172,CAN,2013,1365.0,Canada,2.329123,35317.4,38.64950421038922
173,CAN,2014,1327.0,Canada,2.870036,35711.4,37.15900244739775
174,CAN,2015,1349.0,Canada,0.659177,36103.8,37.364487948636985
175,CAN,2016,1408.0,Canada,1.001394,36493.7,38.58200182497253
176,CAN,2017,1534.0,Canada,3.03988,36880.9,41.59334506478964
177,CAN,2018,1530.0,Canada,2.429548,37264.9,41.057402542338764
178,CAN,2019,1731.0,Canada,1.861415,37644.6,45.98269074448925
179,CAN,2020,229.0,Canada,-4.894559,38024.8,6.022385390587196
180,CAN,2021,536.0,Canada,4.540887,38405.5,13.95633437919048
181,CZE,1993,8548.0,Czech Republic,0.061904,10330.61,827.44387795106
182,CZE,1994,8481.0,Czech Republic,2.909309,10336.16,820.5174842494698
183,CZE,1995,8023.0,Czech Republic,6.500814,10330.76,776.6127564670943
184,CZE,1996,8111.0,Czech Republic,4.265417,10315.35,786.3039063143761
185,CZE,1997,7721.0,Czech Republic,-0.518331,10303.64,749.3468327697785
186,CZE,1998,7018.0,Czech Republic,-0.356567,10294.94,681.6941138073656
187,CZE,1999,6957.0,Czech Republic,1.384149,10282.78,676.5680098183565
188,CZE,2000,7300.0,Czech Republic,4.001029,10272.5,710.6351910440496
189,CZE,2001,7299.0,Czech Republic,3.042977,10224.19,713.8951838727567
190,CZE,2002,6597.0,Czech Republic,1.569855,10200.77,646.7158851733741
191,CZE,2003,6518.0,Czech Republic,3.583688,10201.65,638.916253743267
192,CZE,2004,6590.0,Czech Republic,4.814261,10206.92,645.640408663926
193,CZE,2005,6667.0,Czech Republic,6.601618,10234.09,651.4502022163182
194,CZE,2006,6922.0,Czech Republic,6.766933,10266.65,674.221873736808
195,CZE,2007,6900.0,Czech Republic,5.570339,10322.69,668.4304188152506
196,CZE,2008,6803.0,Czech Republic,2.686412,10429.69,652.2725028260668
197,CZE,2009,6503.0,Czech Republic,-4.657331,10491.49,619.8356954064675
198,CZE,2010,6591.0,Czech Republic,2.434902,10517.25,626.6847322256293
199,CZE,2011,6714.0,Czech Republic,1.76036,10496.67,639.6314259665209
200,CZE,2012,7265.0,Czech Republic,-0.785004,10509.29,691.293132076477
201,CZE,2013,7601.0,Czech Republic,-0.045904,10510.72,723.1664434025452
202,CZE,2014,7797.0,Czech Republic,2.262103,10524.78,740.8230860882603
203,CZE,2015,8298.112592,Czech Republic,5.388381,10531.67,787.9199207722991
204,CZE,2016,8843.373268,Czech Republic,2.537285,10534.69,839.4526339170872
205,CZE,2017,9497.566454,Czech Republic,5.168724,10536.05,901.4352109187029
206,CZE,2018,10286.019,Czech Republic,3.220088,10535.75,976.2967989939017
207,CZE,2019,10930.618,Czech Republic,3.029879,10533.78,1037.6728961493407
208,CZE,2020,6665.141,Czech Republic,-5.502968,10530.08,632.9620477717167
209,CZE,2021,6820.176,Czech Republic,3.544223,10524.56,648.0248105383979
210,DNK,1970,3354.0,Denmark,1.596842,4928.757,680.4961169722914
211,DNK,1971,3614.0,Denmark,3.004996,4963.125,728.1702556353105
212,DNK,1972,3465.0,Denmark,3.929385,4991.596,694.1667554826151
213,DNK,1973,2918.0,Denmark,4.092946,5021.861,581.0594916904311
214,DNK,1974,3059.0,Denmark,-1.122394,5045.297,606.3072203677999
215,DNK,1975,3172.0,Denmark,-1.456645,5059.861,626.8946913759094
216,DNK,1976,3200.0,Denmark,5.924606,5072.596,630.8406977413538
217,DNK,1977,3227.0,Denmark,1.870291,5088.419,634.1851958339122
218,DNK,1978,3398.0,Denmark,2.226309,5104.248,665.7200042004229
219,DNK,1979,3749.0,Denmark,3.869112,5116.801,732.6843471145351
220,DNK,1980,4314.0,Denmark,-0.482986,5123.027,842.080277929435
221,DNK,1981,4518.0,Denmark,-0.666124,5121.572,882.1510270674707
222,DNK,1982,4531.0,Denmark,3.684573,5117.81,885.3396276923137
223,DNK,1983,4660.0,Denmark,2.596072,5114.297,911.1711736725498
224,DNK,1984,4617.0,Denmark,4.166138,5111.619,903.2363327548474
225,DNK,1985,4716.0,Denmark,4.003752,5113.69,922.230326828572
226,DNK,1986,4876.0,Denmark,4.904178,5120.534,952.24443388131
227,DNK,1987,4860.0,Denmark,0.254266,5127.024,947.91832454851
228,DNK,1988,4850.0,Denmark,-0.013601,5129.516,945.508309166011
229,DNK,1989,4726.0,Denmark,0.645187,5132.593,920.7821465680213
230,DNK,1990,4851.0,Denmark,1.475244,5140.939,943.6019373114523
231,DNK,1991,4711.0,Denmark,1.393634,5154.297,913.9946727943695
232,DNK,1992,4772.0,Denmark,1.957007,5171.37,922.7728822343015
233,DNK,1993,4737.0,Denmark,0.010688,5188.628,912.9581076153465
234,DNK,1994,4847.0,Denmark,5.332463,5206.18,931.008916326366
235,DNK,1995,4684.0,Denmark,3.027587,5233.373,895.0250631858269
236,DNK,1996,4621.0,Denmark,2.9001,5263.074,878.0039953836864
237,DNK,1997,4978.0,Denmark,3.26089,5284.991,941.9126730773997
238,DNK,1998,5163.0,Denmark,2.218159,5304.218,973.3762827998397
239,DNK,1999,5113.0,Denmark,2.948022,5321.798,960.7655157148016
240,DNK,2000,5537.0,Denmark,3.746863,5339.616,1036.965954106063
241,DNK,2001,5721.0,Denmark,0.823153,5358.783,1067.5931456825178
242,DNK,2002,5754.0,Denmark,0.466346,5375.931,1070.326237446128
243,DNK,2003,5893.0,Denmark,0.390059,5390.574,1093.2045455641644
244,DNK,2004,6074.0,Denmark,2.668219,5404.522,1123.8736746746522
245,DNK,2005,6136.0,Denmark,2.336641,5419.432,1132.221974553791
246,DNK,2006,6274.0,Denmark,3.913008,5437.271,1153.8876763729452
247,DNK,2007,6353.0,Denmark,0.909239,5461.438,1163.2467492993603
248,DNK,2008,6475.0,Denmark,-0.512017,5493.621,1178.6397350672717
249,DNK,2009,6367.0,Denmark,-4.906548,5523.095,1152.7956698191865
250,DNK,2010,6577.0,Denmark,1.870991,5547.683,1185.539981285881
251,DNK,2011,6890.0,Denmark,1.336778,5570.572,1236.856825475014
252,DNK,2012,7020.0,Denmark,0.2265,5591.572,1255.4608972217472
253,DNK,2013,7076.0,Denmark,0.933341,5614.932,1260.2111655136696
254,DNK,2014,6808.0,Denmark,1.619394,5596.683,1216.4348061164087
255,DNK,2015,6808.0,Denmark,2.342591,5611.417,1213.2407910515294
256,DNK,2016,6653.0,Denmark,3.245957,5626.237,1182.495511653704
257,DNK,2017,6623.0,Denmark,2.821736,5641.206,1174.039735475003
258,DNK,2018,6560.0,Denmark,1.989537,5656.494,1159.7289769952906
259,FIN,1971,2349.0,Finland,2.35692,4613.0,509.2130934316063
260,FIN,1972,2594.0,Finland,7.735486,4639.0,559.1722353955594
261,FIN,1973,2773.0,Finland,6.983828,4667.0,594.1718448682236
262,FIN,1974,3047.0,Finland,3.236534,4690.0,649.680170575693
263,FIN,1975,3135.0,Finland,1.804898,4712.0,665.3225806451612
264,FIN,1976,2985.0,Finland,0.344383,4728.0,631.3451776649746
265,FIN,1977,2977.0,Finland,0.23951,4738.0,628.3241874208527
266,FIN,1978,2983.0,Finland,2.919708,4753.0,627.6036187670944
267,FIN,1979,3020.0,Finland,7.121926,4763.0,634.0541675414655
268,FIN,1980,3216.0,Finland,5.389047,4780.0,672.8033472803347
269,FIN,1981,3274.0,Finland,1.315879,4801.0,681.941262237034
270,FIN,1982,3326.0,Finland,3.108089,4828.0,688.8980944490472
271,FIN,1983,3339.0,Finland,3.116582,4856.0,687.6029654036244
272,FIN,1984,3276.0,Finland,3.237692,4881.0,671.1739397664413
273,FIN,1985,3224.0,Finland,3.548897,4902.0,657.6907384740923
274,FIN,1986,2676.0,Finland,2.755633,4917.0,544.2342892007322
275,FIN,1987,3062.0,Finland,3.574826,4931.0,620.9693774082336
276,FIN,1988,3147.0,Finland,5.21715,4948.0,636.0145513338723
277,FIN,1989,3208.0,Finland,5.087144,4965.0,646.122860020141
278,FIN,1990,3331.0,Finland,0.670276,4987.0,667.9366352516543
279,FIN,1991,3229.0,Finland,-5.886328,5014.0,643.996808934982
280,FIN,1992,3057.0,Finland,-3.29466,5039.0,606.6679896804922
281,FIN,1993,3007.0,Finland,-0.661998,5066.0,593.5649427556257
282,FIN,1994,3037.0,Finland,3.963052,5088.0,596.8946540880503
283,FIN,1995,3184.0,Finland,4.216867,5107.0,623.457998825142
284,FIN,1996,3254.0,Finland,3.66718,5126.0,634.8029652750682
285,FIN,1997,3376.0,Finland,6.333796,5137.0,657.1929141522289
286,FIN,1998,3377.0,Finland,5.457181,5156.0,654.9650892164468
287,FIN,1999,3415.0,Finland,4.379576,5165.0,661.1810261374636
288,FIN,2000,3405.0,Finland,5.773362,5175.0,657.9710144927536
289,FIN,2001,3282.0,Finland,2.610019,5187.0,632.7356853672643
290,FIN,2002,3318.0,Finland,1.707149,5200.0,638.0769230769231
291,FIN,2003,3338.0,Finland,2.003784,5211.0,640.5680291690655
292,FIN,2004,3352.0,Finland,3.992091,5227.0,641.2856322938587
293,FIN,2005,3478.0,Finland,2.779851,5248.0,662.7286585365854
294,FIN,2006,3540.0,Finland,4.02741,5267.0,672.1093601670781
295,FIN,2007,3778.0,Finland,5.299337,5290.0,714.1776937618148
296,FIN,2008,4052.0,Finland,0.783995,5313.0,762.6576322228497
297,FIN,2009,3876.0,Finland,-8.074447,5338.0,726.1146496815287
298,FIN,2010,3959.0,Finland,3.185959,5362.0,738.3439015292801
299,FIN,2011,3882.0,Finland,2.547665,5386.0,720.757519494987
300,FIN,2012,4035.0,Finland,-1.397546,5413.0,745.4276741178644
301,FIN,2013,4053.0,Finland,-0.901696,5440.0,745.0367647058823
302,FIN,2014,3874.0,Finland,-0.364908,5465.0,708.8746569075938
303,FIN,2015,4113.0,Finland,0.543659,5493.0,748.7711632987439
304,FIN,2016,3868.0,Finland,2.811458,5518.0,700.978615440377
305,FIN,2017,4271.0,Finland,3.19241,5543.0,770.5213783149919
306,FIN,2018,4534.0,Finland,1.139718,5568.0,814.2959770114942
307,FIN,2019,4924.0,Finland,1.224749,5593.0,880.3861970320042
308,FIN,2020,2820.0,Finland,-2.205139,5618.0,501.95799216803135
309,FIN,2021,2903.0,Finland,2.973229,5643.0,514.4426723374092
310,FRA,1970,40980.0,France,6.10868,50772.22,807.1342950928678
311,FRA,1971,41140.0,France,5.316716,51251.09,802.7146349472762
312,FRA,1972,43230.0,France,4.511374,51700.91,836.1554951353855
313,FRA,1973,44700.0,France,6.344581,52118.29,857.6643631247304
314,FRA,1974,47310.0,France,4.300919,52460.36,901.8237770385107
315,FRA,1975,50700.0,France,-0.959885,52699.16,962.0646704805162
316,FRA,1976,51080.0,France,4.356759,52908.67,965.4372336329754
317,FRA,1977,51990.0,France,3.464312,53145.28,978.2618512876402
318,FRA,1978,53660.0,France,3.978544,53376.32,1005.314716338631
319,FRA,1979,53740.0,France,3.549989,53606.22,1002.4956059203577
320,FRA,1980,53710.0,France,1.578745,53880.0,996.8448403860431
321,FRA,1981,55540.0,France,1.06902,54181.81,1025.067268885997
322,FRA,1982,56700.0,France,2.505397,54492.49,1040.5103528944999
323,FRA,1983,58440.0,France,1.240865,54772.41,1066.9605372485892
324,FRA,1984,60230.0,France,1.513722,55026.07,1094.572081924077
325,FRA,1985,61910.0,France,1.622781,55284.27,1119.8483764007376
326,FRA,1986,59620.0,France,2.337276,55546.51,1073.3347603656828
327,FRA,1987,59670.0,France,2.5619,55823.96,1068.895864786375
328,FRA,1988,62930.0,France,4.743142,56117.97,1121.38767671033
329,FRA,1989,64030.0,France,4.343861,56423.4,1134.8128613305826
330,FRA,1990,75112.0,France,2.923935,56708.82,1324.5205948563205
331,FRA,1991,73581.0,France,1.048176,56975.59,1291.4477936955107
332,FRA,1992,74413.0,France,1.599343,57239.84,1300.0211041819825
333,FRA,1993,69826.0,France,-0.628666,57467.08,1215.0608661515428
334,FRA,1994,70418.0,France,2.358342,57658.77,1221.2886261708322
335,FRA,1995,64444.0,France,2.106695,57844.24,1114.0953706021548
336,FRA,1996,69183.0,France,1.412994,58025.98,1192.276287276837
337,FRA,1997,71016.0,France,2.336296,58207.48,1220.0493819694652
338,FRA,1998,75175.0,France,3.588659,58397.78,1287.2920854183155
339,FRA,1999,77111.0,France,3.421374,58677.4,1314.1516154430838
340,FRA,2000,82253.0,France,3.923669,59062.38,1392.6462157468086
341,FRA,2001,84180.0,France,1.983721,59476.23,1415.355344479635
342,FRA,2002,86186.0,France,1.135531,59893.87,1438.9786467296237
343,FRA,2003,84151.0,France,0.823161,60303.63,1395.454966807139
344,FRA,2004,88567.0,France,2.829753,60734.34,1458.2689134351342
345,FRA,2005,90859.0,France,1.66322,61181.5,1485.0731021632357
346,FRA,2006,94590.0,France,2.449324,61597.48,1535.6147686561203
347,FRA,2007,96709.0,France,2.424736,61965.05,1560.702363671134
348,FRA,2008,102721.0,France,0.254946,62300.28,1648.8047886783174
349,FRA,2009,101821.0,France,-2.873314,62615.47,1626.1316891816032
350,FRA,2010,102167.0,France,1.949438,62917.79,1623.817365485978
351,FRA,2011,105596.0,France,2.192701,63223.16,1670.2107265755144
352,FRA,2012,105956.0,France,0.313135,63514.0,1668.230626318607
353,FRA,2013,105215.0,France,0.576327,63786.14,1649.4962698793186
354,FRA,2014,104589.0,France,0.956183,64359.6,1625.0722502936626
355,FRA,2015,104849.0,France,1.112912,64664.89,1621.4208359435856
356,FRA,2016,104207.0,France,1.095464,64963.19,1604.0930256041922
357,FRA,2017,110568.0,France,2.29142,65255.32,1694.3905876179904
358,FRA,2018,107958.0,France,1.865066,65541.66,1647.1660925280196
359,FRA,2019,112384.0,France,1.842972,65822.52,1707.379176610072
360,FRA,2020,64859.0,France,-7.784586,66098.23,981.2516916111067
361,FRA,2021,86853.0,France,6.816589,66369.09,1308.6362943954784
362,DEU,1971,39524.0,Germany,3.1327,78312.84,504.69373860020903
363,DEU,1972,40528.0,Germany,4.300341,78688.46,515.0437560984165
364,DEU,1973,40756.0,Germany,4.777487,78936.67,516.3126339127302
365,DEU,1974,41646.0,Germany,0.890069,78967.43,527.3819852057994
366,DEU,1975,38586.0,Germany,-0.866739,78673.55,490.457085005062
367,DEU,1976,37175.0,Germany,4.949258,78336.95,474.5525578925398
368,DEU,1977,37348.0,Germany,3.347218,78159.81,477.8414891233743
369,DEU,1978,37589.0,Germany,3.008493,78091.82,481.34362856442584
370,DEU,1979,39431.0,Germany,4.150363,78126.35,504.708078644401
371,DEU,1980,40499.0,Germany,1.408829,78288.58,517.3040563515139
372,DEU,1981,41795.0,Germany,0.529241,78407.91,533.0457092913202
373,DEU,1982,40030.0,Germany,-0.394841,78333.37,511.02103739440804
374,DEU,1983,38755.0,Germany,1.57241,78128.28,496.04317412337764
375,DEU,1984,39075.0,Germany,2.822948,77858.69,501.87076099019896
376,DEU,1985,42707.0,Germany,2.327935,77684.88,549.7466173597745
377,DEU,1986,41397.0,Germany,2.287339,77720.44,532.6398049213309
378,DEU,1987,39200.0,Germany,1.402152,77839.92,503.59763987424446
379,DEU,1988,41000.0,Germany,3.707236,78144.62,524.6682369176534
380,DEU,1989,41100.0,Germany,3.896552,78751.28,521.8962790192109
381,DEU,1990,43600.0,Germany,5.255006,79433.03,548.8900524127054
382,DEU,1991,55300.0,Germany,5.108262,80013.9,691.1299161770642
383,DEU,1992,56300.0,Germany,1.923077,80624.6,698.2980380677858
384,DEU,1993,63361.0,Germany,-0.97685,81156.36,780.7274747167074
385,DEU,1994,65169.0,Germany,2.391892,81438.35,800.2249554417544
386,DEU,1995,70977.0,Germany,1.544146,81678.05,868.9849965810888
387,DEU,1996,71730.0,Germany,0.805823,81914.83,875.6656151273219
388,DEU,1997,72403.0,Germany,1.792161,82034.77,882.589175297255
389,DEU,1998,72666.0,Germany,2.013933,82047.2,885.6609366315975
390,DEU,1999,73796.0,Germany,1.887261,82100.24,898.8524272279838
391,DEU,2000,75404.0,Germany,2.912503,82211.51,917.1951713330651
392,DEU,2001,75754.0,Germany,1.681468,82349.92,919.9037473260447
393,DEU,2002,71366.0,Germany,-0.197974,82488.49,865.1631276072577
394,DEU,2003,71293.0,Germany,-0.700117,82534.17,863.7998055835541
395,DEU,2004,72879.0,Germany,1.175088,82516.26,883.20774596425
396,DEU,2005,76824.0,Germany,0.731707,82469.42,931.5452927885269
397,DEU,2006,78995.0,Germany,3.816442,82376.45,958.9512536653376
398,DEU,2007,79107.0,Germany,2.976455,82266.38,961.5957332752456
399,DEU,2008,82539.0,Germany,0.959879,82110.09,1005.2235967589368
400,DEU,2009,82253.0,Germany,-5.693836,81902.3,1004.2819310324619
401,DEU,2010,83886.0,Germany,4.179882,81776.93,1025.7905255186272
402,DEU,2011,85414.0,Germany,3.925193,81039.75,1053.976597904115
403,DEU,2012,88796.0,Germany,0.418498,80425.82,1104.0732938750266
404,DEU,2013,89615.0,Germany,0.437591,80645.6,1111.219954963445
405,DEU,2014,90976.0,Germany,2.209543,80913.73,1124.3580045067754
406,DEU,2015,91603.0,Germany,1.491932,81202.0,1128.0879781286174
407,DEU,2016,94197.0,Germany,2.23,81411.5,1157.047837222014
408,DEU,2017,95530.0,Germany,2.680231,81516.5,1171.9099814148055
409,DEU,2018,98170.0,Germany,0.981233,81562.5,1203.6168582375478
410,DEU,2019,102026.0,Germany,1.056604,81551.0,1251.0698826501207
411,DEU,2020,58822.0,Germany,-3.696789,81481.5,721.9061995667729
412,GRC,1970,1531.0,Greece,8.930581,8792.801,174.11971452555335
413,GRC,1971,1635.0,Greece,7.841177,8831.03,185.14261643319068
414,GRC,1972,1563.0,Greece,10.160151,8888.624,175.8427401136554
415,GRC,1973,1615.0,Greece,8.092379,8929.083,180.86963689328456
416,GRC,1974,1594.0,Greece,-6.438241,8962.019,177.8617072782372
417,GRC,1975,1553.0,Greece,6.366809,9046.535,171.66793695044566
418,GRC,1976,1583.0,Greece,6.851898,9188.146,172.28720571048828
419,GRC,1977,1623.0,Greece,2.941002,9308.479,174.35716404366383
420,GRC,1978,1568.0,Greece,7.246863,9429.959,166.27855964166972
421,GRC,1979,1531.0,Greece,3.28208,9548.258,160.34338410210535
422,GRC,1980,1464.0,Greece,0.677131,9642.505,151.8277667473338
423,GRC,1981,1515.0,Greece,-1.553721,9729.35,155.71441052074394
424,GRC,1982,1501.0,Greece,-1.132648,9789.513,153.32734120686086
425,GRC,1983,1629.0,Greece,-1.078622,9846.627,165.4373624592462
426,GRC,1984,1652.0,Greece,2.01058,9895.801,166.9394928212481
427,GRC,1985,1732.0,Greece,2.509557,9934.294,174.34555490304595
428,GRC,1986,1950.0,Greece,0.51766,9967.209,195.6415281349072
429,GRC,1987,1973.0,Greece,-2.258863,10000.59,197.28835998676078
430,GRC,1988,1963.0,Greece,4.287862,10036.98,195.5767571520517
431,GRC,1989,2011.0,Greece,3.8,10089.49,199.3163182678213
432,GRC,1990,1978.0,Greece,0.0,10156.9,194.74445943151946
433,GRC,1991,1995.0,Greece,3.1,10256.29,194.51478068580354
434,GRC,1992,2046.0,Greece,0.7,10369.86,197.30256724777385
435,GRC,1993,1726.0,Greece,-1.6,10465.52,164.9225265443093
436,GRC,1994,1599.0,Greece,2.0,10553.03,151.5204637909681
437,GRC,1995,1568.0,Greece,2.09972,10634.38,147.44630152392523
438,GRC,1996,1751.0,Greece,2.862129,10709.17,163.50473472734114
439,GRC,1997,1812.0,Greece,4.484199,10776.5,168.14364589616292
440,GRC,1998,1551.0,Greece,3.894905,10834.88,143.1487935260935
441,GRC,1999,1882.0,Greece,3.072597,10882.57,172.93709114666848
442,GRC,2000,1628.0,Greece,3.919771,10917.48,149.11866108296053
443,GRC,2001,1797.0,Greece,4.131612,10950.0,164.1095890410959
444,GRC,2002,1836.0,Greece,3.922872,10983.0,167.16744059000274
445,GRC,2003,1574.0,Greece,5.794531,11016.0,142.88307915758895
446,GRC,2004,1669.0,Greece,5.061079,11057.0,150.94510264990504
447,GRC,2005,1854.0,Greece,0.599142,11093.0,167.13242585414224
448,GRC,2006,1811.0,Greece,5.652434,11131.0,162.6987692031264
449,GRC,2007,1930.0,Greece,3.273747,11163.0,172.89259159724088
450,GRC,2008,1657.0,Greece,-0.335173,11186.0,148.13159306275702
451,GRC,2009,1414.0,Greece,-4.300734,11185.0,126.41931157800627
452,GRC,2010,1337.0,Greece,-5.478634,11153.0,119.87805971487492
453,GRC,2011,958.0,Greece,-10.149315,11124.0,86.12010068320748
454,GRC,2012,832.0,Greece,-7.086698,11090.0,75.02254283137962
455,GRC,2013,755.0,Greece,-2.515999,11361.18,66.45436477548986
456,GRC,2014,1072.0,Greece,0.475694,11380.9,94.19290214306426
457,GRC,2015,1263.0,Greece,-0.196091,11397.29,110.81581674240105
458,GRC,2016,1192.0,Greece,-0.487181,11409.93,104.47040428819457
459,GRC,2017,1109.0,Greece,1.092143,11418.83,97.12028290113786
460,GRC,2018,1104.0,Greece,1.668422,11424.3,96.63611774900869
461,GRC,2019,1252.0,Greece,1.884337,11426.62,109.56870885703734
462,GRC,2020,640.0,Greece,-9.004049,11425.95,56.01284794699784
463,GRC,2021,653.0,Greece,8.434428,11422.59,57.16741999844168
464,HUN,1992,9183.0,Hungary,-3.06418,10369.34,885.5915612758382
465,HUN,1993,8772.0,Hungary,-0.576109,10357.52,846.9208845360666
466,HUN,1994,8568.0,Hungary,2.947155,10343.35,828.3583171796371
467,HUN,1995,8336.0,Hungary,1.489525,10328.96,807.0512423322388
468,HUN,1996,8582.0,Hungary,0.082413,10311.23,832.2964379613296
469,HUN,1997,8672.0,Hungary,3.143122,10290.48,842.7206505430262
470,HUN,1998,8884.0,Hungary,3.900005,10266.57,865.3328229389173
471,HUN,1999,9514.0,Hungary,3.071027,10237.53,929.3257260296184
472,HUN,2000,9693.0,Hungary,4.479195,10210.97,949.2731836446488
473,HUN,2001,10005.0,Hungary,4.074088,10187.57,982.0791415420949
474,HUN,2002,10531.0,Hungary,4.741287,10158.6,1036.6585946882444
475,HUN,2003,10286.0,Hungary,4.07425,10129.55,1015.4449111757185
476,HUN,2004,10544.0,Hungary,5.004621,10107.14,1043.2229097449922
477,HUN,2005,9880.0,Hungary,4.294278,10087.06,979.4727105816759
478,HUN,2006,9584.0,Hungary,3.946067,10071.37,951.6083710557749
479,HUN,2007,8752.0,Hungary,0.277373,10055.78,870.3452143941097
480,HUN,2008,8293.0,Hungary,1.003943,10038.18,826.1457754294105
481,HUN,2009,8073.0,Hungary,-6.597867,10022.64,805.4764014271689
482,HUN,2010,7692.0,Hungary,1.076254,10000.02,769.1984616030768
483,HUN,2011,7806.0,Hungary,1.866837,9958.819,783.8278815992137
484,HUN,2012,7806.0,Hungary,-1.250226,9920.357,786.8668436025034
485,HUN,2013,7843.0,Hungary,1.802522,9886.773,793.2820951790842
486,HUN,2014,7738.0,Hungary,4.23221,9842.997,786.142675853706
487,HUN,2015,7609.161,Hungary,3.707316,9799.728,776.4665509083518
488,HUN,2016,7653.455,Hungary,2.201002,9756.916,784.4133330654892
489,HUN,2017,7730.982,Hungary,4.271976,9714.576,795.8126015999051
490,HUN,2018,7769.56,Hungary,5.362332,9672.735,803.243343273645
491,HUN,2019,7751.606,Hungary,4.857792,9631.442,804.8229953520978
492,HUN,2020,4854.225,Hungary,-4.547264,9590.74,506.13664847550865
493,HUN,2021,5435.389,Hungary,7.117315,9550.637,569.1127199159595
494,ISL,1971,,Iceland,13.060838,206.091,
495,ISL,1972,,Iceland,6.177334,209.273,
496,ISL,1973,,Iceland,6.80601,212.363,
497,ISL,1974,,Iceland,5.706292,215.324,
498,ISL,1975,,Iceland,0.646155,218.03,
499,ISL,1976,,Iceland,5.959368,220.13,
500,ISL,1977,,Iceland,8.822277,221.821,
501,ISL,1978,,Iceland,6.016715,223.585,
502,ISL,1979,,Iceland,4.860582,225.747,
503,ISL,1980,,Iceland,5.747921,228.158,
504,ISL,1981,,Iceland,4.265007,230.8,
505,ISL,1982,,Iceland,2.154566,233.994,
506,ISL,1983,,Iceland,-2.151162,237.04,
507,ISL,1984,,Iceland,4.129118,239.496,
508,ISL,1985,,Iceland,3.292841,241.396,
509,ISL,1986,,Iceland,6.270542,243.203,
510,ISL,1987,,Iceland,8.54594,245.959,
511,ISL,1988,,Iceland,-0.089726,249.883,
512,ISL,1989,,Iceland,0.25844,252.743,
513,ISL,1990,,Iceland,1.16937,254.782,
514,ISL,1991,,Iceland,-0.223526,257.955,
515,ISL,1992,,Iceland,-3.373894,261.095,
516,ISL,1993,,Iceland,1.313449,263.775,
517,ISL,1994,,Iceland,3.608858,266.0,
518,ISL,1995,,Iceland,0.116584,267.374,
519,ISL,1996,,Iceland,4.567124,268.918,
520,ISL,1997,,Iceland,5.771612,270.908,
521,ISL,1998,,Iceland,7.362801,273.789,
522,ISL,1999,,Iceland,4.034924,277.179,
523,ISL,2000,,Iceland,4.985043,281.15,
524,ISL,2001,,Iceland,4.013498,285.049,
525,ISL,2002,,Iceland,0.559519,287.548,
526,ISL,2003,,Iceland,2.142688,289.265,
527,ISL,2004,,Iceland,7.802399,292.579,
528,ISL,2005,,Iceland,6.124439,295.858,
529,ISL,2006,,Iceland,6.316993,304.322,
530,ISL,2007,,Iceland,8.45486,311.387,
531,ISL,2008,,Iceland,2.209496,319.346,
532,ISL,2009,,Iceland,-7.66381,319.235,
533,ISL,2010,,Iceland,-2.832775,317.992,
534,ISL,2011,,Iceland,1.845779,319.002,
535,ISL,2012,,Iceland,1.063637,319.567,
536,ISL,2013,,Iceland,4.55246,322.072,
537,ISL,2014,,Iceland,1.687215,324.982,
538,ISL,2015,,Iceland,4.436664,328.055,
539,ISL,2016,,Iceland,6.303687,331.362,
540,ISL,2017,,Iceland,4.194949,334.83,
541,ISL,2018,,Iceland,4.888798,338.269,
542,ISL,2019,,Iceland,2.415456,341.684,
543,ISL,2020,,Iceland,-6.842296,345.055,
544,ISL,2021,,Iceland,4.403045,348.378,
545,IRL,1971,783.0,Ireland,3.469888,2978.3,262.9016553067186
546,IRL,1972,844.0,Ireland,6.489808,3024.4,279.0636159238196
547,IRL,1973,875.0,Ireland,4.721428,3073.0,284.7380410022779
548,IRL,1974,923.0,Ireland,4.260229,3123.9,295.4640033291719
549,IRL,1975,899.0,Ireland,5.656646,3177.2,282.9535440010072
550,IRL,1976,788.0,Ireland,1.394808,3227.8,244.12912819877315
551,IRL,1977,876.0,Ireland,8.2113,3271.9,267.73434395916746
552,IRL,1978,966.0,Ireland,7.186729,3314.0,291.49064574532287
553,IRL,1979,1113.0,Ireland,3.073036,3368.4,330.42394014962593
554,IRL,1980,1032.0,Ireland,3.079329,3401.0,303.4401646574537
555,IRL,1981,995.0,Ireland,3.325216,3443.5,288.9501960214898
556,IRL,1982,887.0,Ireland,2.283468,3480.0,254.88505747126433
557,IRL,1983,846.0,Ireland,-0.244301,3504.0,241.43835616438358
558,IRL,1984,903.0,Ireland,4.354373,3529.0,255.8798526494758
559,IRL,1985,1023.0,Ireland,3.085615,3540.0,288.9830508474576
560,IRL,1986,1075.0,Ireland,-0.428331,3540.7,303.61228005761575
561,IRL,1987,1196.0,Ireland,4.663091,3546.5,337.2338925701396
562,IRL,1988,1180.0,Ireland,5.217414,3530.7,334.21134619197323
563,IRL,1989,1220.0,Ireland,5.81392,3509.5,347.62786721755236
564,IRL,1990,1226.0,Ireland,8.466528,3505.8,349.7062011523761
565,IRL,1991,1290.0,Ireland,1.92964,3525.7,365.8847888362595
566,IRL,1992,1226.0,Ireland,3.343274,3554.5,344.9148966099311
567,IRL,1993,1274.0,Ireland,2.692609,3574.1,356.45337287708793
568,IRL,1994,1260.0,Ireland,5.755827,3585.9,351.37622354220696
569,IRL,1995,1291.0,Ireland,9.634422,3601.3,358.48165940077195
570,IRL,1996,1295.0,Ireland,7.379624,3625.9,357.1527069141454
571,IRL,1997,1387.0,Ireland,11.021765,3664.0,378.5480349344978
572,IRL,1998,1421.0,Ireland,8.766123,3702.8,383.76363832775195
573,IRL,1999,1458.0,Ireland,10.529886,3741.6,389.67286722257853
574,IRL,2000,1389.0,Ireland,9.403524,3789.7,366.51977729107847
575,IRL,2001,1515.0,Ireland,5.305822,3847.0,393.81336106056665
576,IRL,2002,1628.0,Ireland,5.899365,3917.2,415.6029817216379
577,IRL,2003,1601.0,Ireland,3.014092,3980.1,402.2511997186
578,IRL,2004,1582.0,Ireland,6.788448,4045.2,391.0807871057055
579,IRL,2005,1781.0,Ireland,5.739552,4133.8,430.83845372296673
580,IRL,2006,1872.0,Ireland,4.987854,4232.9,442.24999409388363
581,IRL,2007,2007.0,Ireland,5.310118,4375.9,458.6485065929295
582,IRL,2008,1976.0,Ireland,-4.484071,4485.2,440.5600642111835
583,IRL,2009,1683.0,Ireland,-5.095783,4533.4,371.24454052146297
584,IRL,2010,1678.0,Ireland,1.682972,4554.6,368.4187414921178
585,IRL,2011,1638.0,Ireland,0.833828,4574.8,358.04843927603395
586,IRL,2012,1578.0,Ireland,-0.005541,4585.3,344.1432403550476
587,IRL,2013,1592.0,Ireland,1.125691,4593.1,346.60686682197206
588,IRL,2014,1863.0,Ireland,8.649352,4609.9,404.1302414369075
589,IRL,2015,1917.0,Ireland,24.370447,4576.491,418.87987980310675
590,IRL,2016,1990.0,Ireland,2.006654,4618.956,430.833287868514
591,IRL,2017,2121.0,Ireland,9.005344,4659.969,455.1532424357329
592,IRL,2018,2281.0,Ireland,8.52754,4699.498,485.37099068879274
593,IRL,2019,2399.0,Ireland,5.440936,4737.498,506.3854380519
594,IRL,2020,834.0,Ireland,6.184537,4773.981,174.69696674536408
595,IRL,2021,870.0,Ireland,13.588247,4809.04,180.9092875085256
596,ITA,1971,33948.0,Italy,1.818108,54073.48,627.8123767880298
597,ITA,1972,35394.0,Italy,3.690486,54381.34,650.8482505212265
598,ITA,1973,36359.0,Italy,7.125862,54751.4,664.0743433044635
599,ITA,1974,37880.0,Italy,5.500141,55110.86,687.3418415172617
600,ITA,1975,36332.0,Italy,-2.090163,55441.0,655.3272848613842
601,ITA,1976,39118.0,Italy,7.125385,55718.25,702.0679938799226
602,ITA,1977,36361.0,Italy,2.560501,55955.41,649.8209913929682
603,ITA,1978,39211.0,Italy,3.24014,56155.14,698.2619934702327
604,ITA,1979,39688.0,Italy,5.959159,56317.74,704.7157787226547
605,ITA,1980,39587.0,Italy,3.430016,56433.88,701.4757801519229
606,ITA,1981,40090.0,Italy,0.844228,56501.67,709.53654998162
607,ITA,1982,39542.0,Italy,0.413586,56543.54,699.3194978595257
608,ITA,1983,38840.0,Italy,1.169203,56564.07,686.6549737315578
609,ITA,1984,39045.0,Italy,3.225852,56576.71,690.1249648486099
610,ITA,1985,37401.0,Italy,2.798086,56593.07,660.8759694429017
611,ITA,1986,40500.0,Italy,2.859972,56596.15,715.5963789056323
612,ITA,1987,41395.0,Italy,3.191961,56601.93,731.3354862634543
613,ITA,1988,43343.0,Italy,4.194377,56629.28,765.3814422503694
614,ITA,1989,44443.0,Italy,3.388384,56671.78,784.2174711999517
615,ITA,1990,44709.0,Italy,1.985775,56719.23,788.2511804197624
616,ITA,1991,45065.0,Italy,1.538448,56758.52,793.9777147113773
617,ITA,1992,44409.0,Italy,0.834275,56797.08,781.8887872404708
618,ITA,1993,42720.0,Italy,-0.852806,56831.82,751.6915699690772
619,ITA,1994,43375.0,Italy,2.151024,56843.39,763.0614571016964
620,ITA,1995,43859.0,Italy,2.886837,56844.3,771.5637275857034
621,ITA,1996,44782.0,Italy,1.266785,56860.28,787.5796601775439
622,ITA,1997,43591.0,Italy,1.830212,56890.37,766.2280980067453
623,ITA,1998,41392.0,Italy,1.810615,56906.74,727.3655106583157
624,ITA,1999,43424.0,Italy,1.625728,56916.31,762.9447516889271
625,ITA,2000,47133.0,Italy,3.786955,56942.1,827.735541892554
626,ITA,2001,46752.0,Italy,1.951372,56977.21,820.5385978007698
627,ITA,2002,45956.0,Italy,0.253943,57157.4,804.0253755419246
628,ITA,2003,45222.0,Italy,0.138627,57604.65,785.0407909778116
629,ITA,2004,49254.0,Italy,1.423594,58175.3,846.6479760310648
630,ITA,2005,50088.0,Italy,0.817849,58607.04,854.6413536667267
631,ITA,2006,50185.0,Italy,1.79064,58941.49,851.4375866643344
632,ITA,2007,49780.0,Italy,1.487073,59375.28,838.3960463007501
633,ITA,2008,49524.0,Italy,-0.962013,59832.18,827.71511918837
634,ITA,2009,48124.0,Italy,-5.280937,60192.7,799.4989425628025
635,ITA,2010,47172.0,Italy,1.713296,60483.38,779.9167308440765
636,ITA,2011,46845.0,Italy,0.707333,60626.44,772.682677722789
637,ITA,2012,46759.0,Italy,-2.980906,60916.2,767.595483631612
638,ITA,2013,48739.0,Italy,-1.841065,61178.36,796.6705874430108
639,ITA,2014,49957.0,Italy,-0.004548,61417.63,813.3983678627781
640,ITA,2015,52207.0,Italy,0.778304,61636.88,847.009128301108
641,ITA,2016,52178.0,Italy,1.293463,61838.23,843.7822363285625
642,ITA,2017,53231.0,Italy,1.667859,62023.42,858.2403227683993
643,ITA,2018,55493.0,Italy,0.925811,62194.04,892.2559139107219
644,ITA,2019,56586.0,Italy,0.483198,62351.49,907.5324422880673
645,ITA,2020,22269.0,Italy,-9.039953,62497.03,356.32093237070626
646,ITA,2021,27693.0,Italy,6.737277,62631.77,442.15579409619113
647,JPN,1971,290040.0,Japan,4.698992,105013.0,2761.943759344081
648,JPN,1972,300298.0,Japan,8.413547,107335.0,2797.7640098756233
649,JPN,1973,314037.0,Japan,8.0326,108710.0,2888.7590838009382
650,JPN,1974,324170.0,Japan,-1.22524,110049.0,2945.6878299666514
651,JPN,1975,323800.0,Japan,3.091576,111940.0,2892.6210469894586
652,JPN,1976,319566.0,Japan,3.974984,113091.0,2825.7421014934876
653,JPN,1977,312297.0,Japan,4.390338,114154.0,2735.751703838674
654,JPN,1978,311129.0,Japan,5.271942,115172.0,2701.429166811378
655,JPN,1979,312460.0,Japan,5.484042,116133.0,2690.535851136197
656,JPN,1980,314542.0,Japan,2.817591,117061.0,2686.992251902854
657,JPN,1981,316204.0,Japan,4.260624,117884.0,2682.331783787452
658,JPN,1982,316347.0,Japan,3.279743,118694.0,2665.231603956392
659,JPN,1983,321452.0,Japan,3.630199,119483.0,2690.357624097152
660,JPN,1984,324136.0,Japan,4.41088,120236.0,2695.831531321734
661,JPN,1985,330102.0,Japan,5.159808,121050.0,2726.9888475836433
662,JPN,1986,334741.0,Japan,3.294048,121670.0,2751.2205145064518
663,JPN,1987,344737.0,Japan,4.648861,122265.0,2819.588598535967
664,JPN,1988,361771.0,Japan,6.661637,122782.0,2946.4498053460607
665,JPN,1989,368818.0,Japan,4.925785,123254.0,2992.341019358398
666,JPN,1990,387478.0,Japan,4.840929,123613.0,3134.605583555128
667,JPN,1991,400084.0,Japan,3.523357,124043.0,3225.365397483131
668,JPN,1992,402287.0,Japan,0.900586,124452.0,3232.4671359238905
669,JPN,1993,402792.0,Japan,-0.45922,124765.0,3228.4054021560532
670,JPN,1994,396406.0,Japan,1.083383,125033.0,3170.411011492966
671,JPN,1995,400084.0,Japan,2.631,125571.0,3186.117813826441
672,JPN,1996,402156.0,Japan,3.133871,125865.0,3195.1376474794424
673,JPN,1997,395278.0,Japan,0.981229,126165.0,3133.024214322514
674,JPN,1998,388917.0,Japan,-1.27033,126488.0,3074.734362152931
675,JPN,1999,385098.0,Japan,-0.33393,126686.0,3039.783401480827
676,JPN,2000,384287.0,Japan,2.764648,126927.0,3027.622176526665
677,JPN,2001,385402.0,Japan,0.386103,127290.0,3027.747662817189
678,JPN,2002,382239.0,Japan,0.041962,127437.0,2999.4350149485626
679,JPN,2003,385012.0,Japan,1.535125,127623.0,3016.7916441393795
680,JPN,2004,385163.0,Japan,2.186116,127686.0,3016.4857541155648
681,JPN,2005,391215.0,Japan,1.803901,127767.0,3061.9408767522127
682,JPN,2006,395908.0,Japan,1.37235,127768.0,3098.647548681986
683,JPN,2007,405544.0,Japan,1.483969,127770.0,3174.0158096579794
684,JPN,2008,404585.0,Japan,-1.224289,127692.0,3168.4443817936913
685,JPN,2009,393765.0,Japan,-5.693236,127509.0,3088.1349551796343
686,JPN,2010,393466.0,Japan,4.097918,128058.0,3072.5608708553937
687,JPN,2011,395067.0,Japan,0.02381,127799.0,3091.3152685075784
688,JPN,2012,404396.0,Japan,1.374751,127515.0,3171.3602321295534
689,JPN,2013,414387.0,Japan,2.0051,127296.0,3255.3026018099545
690,JPN,2014,413970.0,Japan,0.296206,126948.8,3260.9209382050085
691,JPN,2015,427486.0,Japan,1.560627,126597.3,3376.7386824205573
692,JPN,2016,431799.0,Japan,0.753827,126193.4,3421.724115524267
693,JPN,2017,437363.0,Japan,1.675332,125738.7,3478.348352575619
694,JPN,2018,441614.0,Japan,0.584068,125236.0,3526.254431633077
695,JPN,2019,435063.0,Japan,-0.240351,124688.6,3489.196285787153
696,JPN,2020,263211.0,Japan,-4.506905,124099.9,2120.960613183411
697,KOR,1970,9819.0,Korea,10.052735,32240.83,304.551712843621
698,KOR,1971,8750.0,Korea,10.545514,32882.7,266.0973703497584
699,KOR,1972,10062.0,Korea,7.214361,33505.41,300.3097111779859
700,KOR,1973,10270.0,Korea,14.898323,34103.15,301.14520212942205
701,KOR,1974,11283.0,Korea,9.511835,34692.27,325.2309520247594
702,KOR,1975,13269.0,Korea,7.839933,35280.73,376.09766011077437
703,KOR,1976,14693.0,Korea,13.221448,35848.52,409.86350343054613
704,KOR,1977,17650.0,Korea,12.335982,36411.8,484.7329711796725
705,KOR,1978,20837.0,Korea,10.952986,36969.18,563.6316520950694
706,KOR,1979,22290.0,Korea,8.671227,37534.23,593.8579264847048
707,KOR,1980,22566.0,Korea,-1.645688,38123.77,591.9141784771024
708,KOR,1981,22786.0,Korea,7.246176,38723.25,588.432014358299
709,KOR,1982,22343.0,Korea,8.338078,39326.35,568.1432423807447
710,KOR,1983,23244.0,Korea,13.376174,39910.4,582.4045862732521
711,KOR,1984,24194.0,Korea,10.55164,40405.96,598.7730522922856
712,KOR,1985,27072.0,Korea,7.838864,40805.74,663.4360754148804
713,KOR,1986,30791.0,Korea,11.327261,41213.68,747.106300626394
714,KOR,1987,32421.0,Korea,12.723692,41621.69,778.9448242010357
715,KOR,1988,34535.0,Korea,11.987716,42031.25,821.6505576208178
716,KOR,1989,36742.0,Korea,7.072894,42449.04,865.5554990171744
717,KOR,1990,41093.0,Korea,9.877553,42869.28,958.565201001743
718,KOR,1991,45361.0,Korea,10.778056,43295.7,1047.7021967539501
719,KOR,1992,47757.0,Korea,6.198643,43747.96,1091.6394730177133
720,KOR,1993,46861.0,Korea,6.877474,44194.63,1060.332443104513
721,KOR,1994,45254.0,Korea,9.268666,44641.54,1013.7195087803872
722,KOR,1995,43340.0,Korea,9.614565,45092.99,961.1249996950746
723,KOR,1996,42439.0,Korea,7.890703,45524.68,932.2196224114041
724,KOR,1997,41764.0,Korea,6.170552,45953.58,908.8301716645362
725,KOR,1998,44121.0,Korea,-5.129448,46286.5,953.2153003575556
726,KOR,1999,46851.0,Korea,11.466942,46616.68,1005.0265269856196
727,KOR,2000,49558.0,Korea,9.060833,47008.11,1054.24361881386
728,KOR,2001,59151.0,Korea,4.8524,47357.36,1249.034996883272
729,KOR,2002,51929.0,Korea,7.725143,47622.18,1090.4372710363114
730,KOR,2003,50983.0,Korea,3.147291,47859.31,1065.2681787514277
731,KOR,2004,52749.0,Korea,5.197391,48039.41,1098.0359667198245
732,KOR,2005,54641.0,Korea,4.308543,48138.08,1135.0888942807856
733,KOR,2006,55526.0,Korea,5.264327,48371.95,1147.8966632521533
734,KOR,2007,55730.0,Korea,5.799548,48597.65,1146.7632694173483
735,KOR,2008,56766.0,Korea,3.012985,48948.7,1159.7039349359634
736,KOR,2009,55489.0,Korea,0.792699,49182.04,1128.2370556406363
737,KOR,2010,58381.0,Korea,6.804825,49410.37,1181.5535888518948
738,KOR,2011,63044.0,Korea,3.685668,49779.44,1266.4666376319221
739,KOR,2012,70079.0,Korea,2.402531,50004.44,1401.4555507470936
740,KOR,2013,66353.0,Korea,3.164709,50219.67,1321.255197415674
741,KOR,2014,67860.0,Korea,3.202454,50423.95,1345.7890546059957
742,KOR,2015,68371.0,Korea,2.809103,50617.05,1350.7503894438732
743,KOR,2016,86871.0,Korea,2.946882,50801.41,1710.011592197933
744,KOR,2017,89964.0,Korea,3.159636,50976.52,1764.8125058360201
745,KOR,2018,92193.0,Korea,2.907404,51140.69,1802.7328141251123
746,KOR,2019,100381.0,Korea,2.243978,51293.71,1956.9845893385368
747,LUX,1971,207.0,Luxembourg,2.667236,342.416,604.5278258025326
748,LUX,1972,208.0,Luxembourg,6.598193,346.595,600.1240641094072
749,LUX,1973,217.0,Luxembourg,8.312677,350.444,619.2144821997239
750,LUX,1974,231.0,Luxembourg,4.212467,355.045,650.6217521722599
751,LUX,1975,234.0,Luxembourg,-6.571371,358.945,651.9104598197496
752,LUX,1976,240.0,Luxembourg,2.534332,360.726,665.3249280617422
753,LUX,1977,240.0,Luxembourg,1.569777,361.353,664.1704925654415
754,LUX,1978,239.0,Luxembourg,4.074971,362.004,660.2136992961404
755,LUX,1979,241.0,Luxembourg,2.345609,362.85,664.1863028799779
756,LUX,1980,246.0,Luxembourg,0.840883,364.146,675.5532121731394
757,LUX,1981,252.0,Luxembourg,-0.550951,365.22,689.9950714637752
758,LUX,1982,251.0,Luxembourg,1.131297,365.519,686.694809298559
759,LUX,1983,239.0,Luxembourg,2.989077,365.618,653.6877287223277
760,LUX,1984,232.0,Luxembourg,6.186939,365.996,633.8867091443623
761,LUX,1985,229.0,Luxembourg,2.791706,366.7,624.4886828470139
762,LUX,1986,224.0,Luxembourg,9.983935,368.349,608.118930688016
763,LUX,1987,216.0,Luxembourg,3.950978,370.746,582.6091178326941
764,LUX,1988,223.0,Luxembourg,8.463283,373.446,597.1412198818571
765,LUX,1989,224.0,Luxembourg,9.798061,377.095,594.0147708137207
766,LUX,1990,208.0,Luxembourg,5.319932,381.846,544.7222178574609
767,LUX,1991,227.0,Luxembourg,8.644191,386.997,586.567854531172
768,LUX,1992,255.0,Luxembourg,1.819653,392.169,650.2298753853569
769,LUX,1993,262.0,Luxembourg,4.200648,397.47,659.1692454776462
770,LUX,1994,289.0,Luxembourg,3.820921,402.919,717.2657531662692
771,LUX,1995,286.0,Luxembourg,1.4322,408.62,699.9167931085116
772,LUX,1996,284.0,Luxembourg,1.398074,414.222,685.6226854198957
773,LUX,1997,295.0,Luxembourg,5.419833,419.444,703.3120035094078
774,LUX,1998,300.0,Luxembourg,6.674512,424.695,706.3892911383464
775,LUX,1999,310.0,Luxembourg,8.175182,430.471,720.141426484014
776,LUX,2000,332.0,Luxembourg,6.93813,436.297,760.9495366688287
777,LUX,2001,346.0,Luxembourg,3.074355,441.52,783.6564595035333
778,LUX,2002,268.0,Luxembourg,3.225417,446.173,600.6638680511819
779,LUX,2003,262.0,Luxembourg,2.619379,451.627,580.1247489631932
780,LUX,2004,266.0,Luxembourg,4.231891,458.092,580.6693851890013
781,LUX,2005,272.0,Luxembourg,2.482875,465.154,584.7525765660405
782,LUX,2006,298.0,Luxembourg,6.016715,472.632,630.5116877401445
783,LUX,2007,316.0,Luxembourg,8.098668,479.987,658.3511636773496
784,LUX,2008,345.0,Luxembourg,-0.300176,488.644,706.0354777711382
785,LUX,2009,333.0,Luxembourg,-3.238954,497.78,668.9702278114829
786,LUX,2010,347.0,Luxembourg,3.760414,506.949,684.4869996784687
787,LUX,2011,349.0,Luxembourg,1.044299,518.344,673.2980414550954
788,LUX,2012,373.0,Luxembourg,1.649902,530.941,702.5262693971647
789,LUX,2013,394.0,Luxembourg,3.17179,492.218,800.458333502635
790,LUX,2014,409.0,Luxembourg,2.623086,496.531,823.7149342135738
791,LUX,2015,418.0,Luxembourg,2.269784,500.871,834.5462204839171
792,LUX,2016,418.0,Luxembourg,4.97819,505.261,827.295199906583
793,LUX,2017,438.0,Luxembourg,1.317188,509.669,859.3812847161589
794,LUX,2018,442.0,Luxembourg,1.219322,514.118,859.7248102575672
795,LUX,2019,463.0,Luxembourg,2.319925,518.602,892.7848330704471
796,LUX,2020,269.0,Luxembourg,-0.797436,523.134,514.2085966501891
797,LUX,2021,304.0,Luxembourg,5.102455,527.704,576.0805299940876
798,MEX,1971,4362.0,Mexico,4.171414,52206.37,83.55302236106436
799,MEX,1972,4485.0,Mexico,8.487852,53810.38,83.34823132637236
800,MEX,1973,4057.0,Mexico,8.409079,55432.4,73.18824369863113
801,MEX,1974,4614.0,Mexico,6.110764,57070.23,80.84775547601613
802,MEX,1975,4123.0,Mexico,5.61108,58717.41,70.21767479185475
803,MEX,1976,4058.0,Mexico,4.238775,60368.7,67.22026480609985
804,MEX,1977,5040.0,Mexico,3.442769,62017.46,81.26743662188035
805,MEX,1978,5326.0,Mexico,8.249814,63030.18,84.49920339748356
806,MEX,1979,5253.0,Mexico,9.154764,64980.42,80.83973603125372
807,MEX,1980,5296.0,Mexico,8.324114,66737.49,79.35569647584887
808,MEX,1981,5305.0,Mexico,8.794032,68446.66,77.50560801651973
809,MEX,1982,5261.0,Mexico,-0.707069,70170.69,74.97432332502359
810,MEX,1983,5630.0,Mexico,-4.295858,71925.8,78.27511129525149
811,MEX,1984,5951.0,Mexico,3.599574,73745.92,80.6959896900059
812,MEX,1985,6015.0,Mexico,2.772269,75687.77,79.47122765012102
813,MEX,1986,5870.0,Mexico,-3.75392,77987.79,75.26819262348631
814,MEX,1987,5828.0,Mexico,1.855747,80769.33,72.15610182726537
815,MEX,1988,5619.0,Mexico,1.245438,83354.61,67.41078867743488
816,MEX,1989,5383.0,Mexico,4.198293,85497.24,62.96109675587189
817,MEX,1990,5336.0,Mexico,5.068306,87064.84,61.28765641790646
818,MEX,1991,4686.0,Mexico,4.222251,88630.94,52.87092746618731
819,MEX,1992,4794.0,Mexico,3.628659,90132.59,53.18830846866821
820,MEX,1993,3219.0,Mexico,3.553907,91600.66,35.14166819322044
821,MEX,1994,3710.0,Mexico,4.941081,93055.3,39.868766206760924
822,MEX,1995,1899.0,Mexico,-6.291231,94490.34,20.097292485136574
823,MEX,1996,1799.0,Mexico,6.773259,95876.66,18.763690766866514
824,MEX,1997,1508.0,Mexico,6.846852,97204.6,15.513669106194563
825,MEX,1998,460.0,Mexico,5.163925,98485.42,4.670742126093385
826,MEX,1999,254.0,Mexico,2.753554,99706.07,2.5474878309816043
827,MEX,2000,82.0,Mexico,4.942454,100895.8,0.8127196573098187
828,MEX,2001,67.0,Mexico,-0.40439,102122.3,0.6560760969935068
829,MEX,2002,69.0,Mexico,-0.039844,103417.9,0.6671959109593214
830,MEX,2003,78.0,Mexico,1.446383,104719.9,0.7448441031742773
831,MEX,2004,74.0,Mexico,3.920591,105951.6,0.6984321142861457
832,MEX,2005,73.0,Mexico,2.307807,107151.0,0.6812815559350823
833,MEX,2006,76.0,Mexico,4.495078,108408.8,0.701050099253935
834,MEX,2007,84.0,Mexico,2.291446,109787.4,0.7651151225003963
835,MEX,2008,178.0,Mexico,1.143585,111299.0,1.5992955911553564
836,MEX,2009,449.0,Mexico,-5.285744,112852.6,3.9786411655557776
837,MEX,2010,843.0,Mexico,5.118118,114255.6,7.378194154159622
838,MEX,2011,891.0,Mexico,3.663008,115682.9,7.702089072801598
839,MEX,2012,970.0,Mexico,3.642323,117053.8,8.28678778476222
840,MEX,2013,1036.0,Mexico,1.354092,118395.1,8.750362134919436
841,MEX,2014,1150.0,Mexico,2.849773,119713.2,9.60629237210266
842,MEX,2015,1411.0,Mexico,3.293152,121005.8,11.660598087033843
843,MEX,2016,1481.0,Mexico,2.630532,122273.5,12.112191112546872
844,MEX,2017,1550.0,Mexico,2.113129,123518.3,12.54874783736499
845,MEX,2018,1591.0,Mexico,2.194995,124737.8,12.754754372772327
846,MEX,2019,1571.0,Mexico,-0.199048,125929.4,12.475244065325493
847,MEX,2020,523.0,Mexico,-7.987912,127091.6,4.11514214944182
848,MEX,2021,466.0,Mexico,4.720565,128230.5,3.634080815406631
849,NLD,1970,8011.0,Netherlands,6.182742,13038.53,614.4097532467233
850,NLD,1971,8114.0,Netherlands,4.330778,13194.5,614.9532001970517
851,NLD,1972,8039.0,Netherlands,2.506529,13328.59,603.139566900925
852,NLD,1973,8173.0,Netherlands,5.784268,13439.32,608.140888080647
853,NLD,1974,8589.0,Netherlands,4.255923,13545.06,634.1057182470953
854,NLD,1975,8501.0,Netherlands,0.12302,13666.33,622.0397136612389
855,NLD,1976,8218.0,Netherlands,4.787653,13774.04,596.6296017726099
856,NLD,1977,8013.0,Netherlands,1.921278,13856.18,578.2979147210848
857,NLD,1978,8146.0,Netherlands,2.330748,13941.7,584.2902945838742
858,NLD,1979,8514.0,Netherlands,2.021918,14038.27,606.4849871102351
859,NLD,1980,8892.0,Netherlands,3.251004,14149.8,628.41877623712
860,NLD,1981,9177.0,Netherlands,-0.783612,14247.21,644.1261131126727
861,NLD,1982,9255.0,Netherlands,-1.240757,14312.69,646.6289705149766
862,NLD,1983,8886.0,Netherlands,2.069958,14367.07,618.4977173494665
863,NLD,1984,8790.0,Netherlands,3.061679,14424.21,609.3921261545693
864,NLD,1985,9007.0,Netherlands,2.58018,14491.63,621.5311873129524
865,NLD,1986,8919.0,Netherlands,2.786976,14572.28,612.0524722280933
866,NLD,1987,9396.0,Netherlands,1.931249,14665.04,640.7074239142887
867,NLD,1988,9664.0,Netherlands,3.441219,14760.09,654.7385551172113
868,NLD,1989,10235.0,Netherlands,4.420253,14848.91,689.2761825615482
869,NLD,1990,11060.0,Netherlands,4.183127,14951.51,739.7246164434227
870,NLD,1991,13300.0,Netherlands,2.439038,15069.8,882.559821630015
871,NLD,1992,14300.0,Netherlands,1.706077,15184.17,941.7702778617469
872,NLD,1993,13700.0,Netherlands,1.257616,15290.37,895.9887824820458
873,NLD,1994,12800.0,Netherlands,2.961084,15382.84,832.0960238811559
874,NLD,1995,13000.0,Netherlands,3.115978,15459.01,840.9335397286114
875,NLD,1996,13100.0,Netherlands,3.498742,15530.5,843.5014970541837
876,NLD,1997,14200.0,Netherlands,4.329053,15610.65,909.6354091597724
877,NLD,1998,14900.0,Netherlands,4.663917,15707.21,948.6089509212647
878,NLD,1999,15000.0,Netherlands,5.034048,15812.09,948.6411979694019
879,NLD,2000,15400.0,Netherlands,4.195642,15925.51,967.0019986801051
880,NLD,2001,15500.0,Netherlands,2.326955,16046.18,965.9619922000127
881,NLD,2002,15500.0,Netherlands,0.217274,16148.93,959.8159135001514
882,NLD,2003,14500.0,Netherlands,0.155646,16225.3,893.6660647260759
883,NLD,2004,14079.0,Netherlands,1.984946,16281.78,864.7088954647464
884,NLD,2005,14730.0,Netherlands,2.050876,16319.87,902.5807190866104
885,NLD,2006,15889.0,Netherlands,3.460989,16346.1,972.0361431778834
886,NLD,2007,15546.0,Netherlands,3.772843,16381.7,948.9857584988126
887,NLD,2008,15313.0,Netherlands,2.170325,16445.59,931.1310813415633
888,NLD,2009,15400.0,Netherlands,-3.666884,16530.39,931.6174633508344
889,NLD,2010,14600.0,Netherlands,1.342739,16615.39,878.7034189387068
890,NLD,2011,16500.0,Netherlands,1.551189,16693.07,988.4341226628775
891,NLD,2012,16100.0,Netherlands,-1.030354,16754.96,960.9094859074567
892,NLD,2013,17700.0,Netherlands,-0.130175,16804.43,1053.2936850580472
893,NLD,2014,16200.0,Netherlands,1.423395,16918.49,957.5322620399338
894,NLD,2015,15800.0,Netherlands,1.95917,16981.21,930.4401747578647
895,NLD,2016,16900.0,Netherlands,2.191714,17039.76,991.7980065446931
896,NLD,2017,17800.0,Netherlands,2.910903,17094.99,1041.2407377834093
897,NLD,2018,22600.0,Netherlands,2.360915,17146.83,1318.027880372057
898,NLD,2019,19400.0,Netherlands,1.955588,17195.23,1128.2198609730722
899,NLD,2020,9200.0,Netherlands,-3.886084,17240.46,533.6284530691177
900,NLD,2021,10900.0,Netherlands,4.863219,17283.53,630.6582046607376
901,NOR,1971,1970.0,Norway,5.672407,3903.034,504.7355467567026
902,NOR,1972,2021.0,Norway,5.330626,3933.0,513.8571065344521
903,NOR,1973,1991.0,Norway,4.532919,3960.608,502.70059546413074
904,NOR,1974,2211.0,Norway,3.92301,3985.253,554.7953919111284
905,NOR,1975,2271.0,Norway,4.952148,4007.309,566.7144709828965
906,NOR,1976,2338.0,Norway,5.825393,4026.148,580.7039383549735
907,NOR,1977,2377.0,Norway,4.160747,4043.201,587.9005273297073
908,NOR,1978,2449.0,Norway,3.869406,4058.665,603.4003791887234
909,NOR,1979,2636.0,Norway,4.37246,4072.514,647.2660376367031
910,NOR,1980,2751.0,Norway,4.564648,4085.616,673.3378760999566
911,NOR,1981,2767.0,Norway,1.598274,4099.698,674.9277629718091
912,NOR,1982,2575.0,Norway,0.235354,4114.781,625.7927214109329
913,NOR,1983,2530.0,Norway,3.972809,4128.426,612.824354850977
914,NOR,1984,2532.0,Norway,6.052403,4140.093,611.580464496812
915,NOR,1985,2567.0,Norway,5.553359,4152.51,618.1803294874666
916,NOR,1986,2588.0,Norway,4.042253,4167.349,621.0183020428575
917,NOR,1987,2563.0,Norway,1.753401,4186.9,612.1474121665194
918,NOR,1988,2459.0,Norway,-0.255347,4209.483,584.1572468638072
919,NOR,1989,2459.0,Norway,1.03829,4226.895,581.7509069896461
920,NOR,1990,2430.0,Norway,1.93242,4241.468,572.9148492927449
921,NOR,1991,2487.0,Norway,3.084721,4261.727,583.5662396957854
922,NOR,1992,2511.0,Norway,3.574396,4286.395,585.806954328754
923,NOR,1993,2588.0,Norway,2.845324,4311.988,600.1871990367321
924,NOR,1994,2703.0,Norway,5.055427,4336.607,623.2983528366763
925,NOR,1995,2681.0,Norway,4.155491,4359.179,615.0240676053909
926,NOR,1996,2803.0,Norway,5.027947,4381.333,639.7596347960769
927,NOR,1997,2941.0,Norway,5.284593,4405.151,667.6275115200365
928,NOR,1998,3071.0,Norway,2.624426,4431.459,692.9997547083251
929,NOR,1999,3416.0,Norway,2.012863,4461.909,765.591588712365
930,NOR,2000,3353.0,Norway,3.204979,4490.961,746.610803344763
931,NOR,2001,3272.0,Norway,2.07479,4513.747,724.8966324430678
932,NOR,2002,2989.0,Norway,1.446254,4538.154,658.6378514259322
933,NOR,2003,2896.0,Norway,0.910106,4564.849,634.4130988779694
934,NOR,2004,2683.457775,Norway,3.969415,4591.905,584.3887830867582
935,NOR,2005,2723.402598,Norway,2.62542,4623.287,589.0619807941839
936,NOR,2006,2832.39148,Norway,2.399828,4660.673,607.7215629588259
937,NOR,2007,2957.95521,Norway,2.994288,4709.147,628.1297249799168
938,NOR,2008,3106.985939,Norway,0.476345,4768.206,651.6048046162435
939,NOR,2009,3080.143787,Norway,-1.72702,4828.722,637.8797095794705
940,NOR,2010,3134.383471,Norway,0.701834,4889.249,641.07667067069
941,NOR,2011,3075.974123,Norway,0.981434,4952.0,621.157940831987
942,NOR,2012,3091.569419,Norway,2.703109,5018.0,616.0959384216819
943,NOR,2013,3260.0,Norway,1.034073,5080.0,641.7322834645669
944,NOR,2014,3440.0,Norway,1.969544,5137.0,669.6515475958731
945,NOR,2015,3555.0,Norway,1.967128,4904.305,724.8733510660531
946,NOR,2016,3695.0,Norway,1.071559,4934.485,748.8116794356453
947,NOR,2017,3584.0,Norway,2.32329,4965.338,721.8038328911344
948,NOR,2018,3722.0,Norway,1.118828,4996.831,744.8720999369401
949,NOR,2019,3715.0,Norway,0.745798,5028.891,738.7314618670399
950,NOR,2020,1804.0,Norway,-0.717183,5061.416,356.42199732248844
951,NOR,2021,1780.0,Norway,3.880936,5094.303,349.4099192764938
952,POL,1991,40115.0,Poland,-7.015579,38106.0,1052.7213562168686
953,POL,1992,32571.0,Poland,2.514979,38174.0,853.224707916383
954,POL,1993,30865.0,Poland,3.73831,38220.0,807.5614861329146
955,POL,1994,27610.0,Poland,5.292802,38250.0,721.8300653594771
956,POL,1995,26635.0,Poland,6.951857,38275.0,695.8850424559113
957,POL,1996,26569.0,Poland,6.115543,38288.0,693.9249895528626
958,POL,1997,25806.0,Poland,6.449003,38292.0,673.9266687558759
959,POL,1998,25664.0,Poland,4.640515,38285.0,670.3408645683688
960,POL,1999,26198.0,Poland,4.654892,38271.0,684.5392072326305
961,POL,2000,24092.0,Poland,4.560985,38255.95,629.7582467563869
962,POL,2001,22469.0,Poland,1.258569,38250.79,587.4127044173466
963,POL,2002,20749.0,Poland,2.035863,38232.3,542.7086521082958
964,POL,2003,19638.0,Poland,3.498391,38195.18,514.1486438864799
965,POL,2004,18690.0,Poland,4.982845,38180.25,489.52010529003877
966,POL,2005,18157.0,Poland,3.506835,38161.31,475.7960353038195
967,POL,2006,18552.0,Poland,6.131136,38132.28,486.51693525800187
968,POL,2007,19859.0,Poland,7.061535,38115.97,521.0152070116542
969,POL,2008,20195.0,Poland,4.199981,38115.91,529.8312436984976
970,POL,2009,18637.0,Poland,2.832184,38153.39,488.4755981054371
971,POL,2010,17921.0,Poland,2.934638,38516.69,465.2788180915858
972,POL,2011,18177.0,Poland,5.042188,38525.67,471.81528575622434
973,POL,2012,17826.0,Poland,1.545222,38533.79,462.6069742945088
974,POL,2013,16797.0,Poland,0.856557,38056.02,441.37563518202904
975,POL,2014,16015.0,Poland,3.836958,38037.11,421.03619333855806
976,POL,2015,17367.0,Poland,4.383299,38016.06,456.83324363440084
977,POL,2016,19175.0,Poland,2.953509,37988.19,504.7621379170737
978,POL,2017,20319.0,Poland,5.140018,37957.27,535.3124711023738
979,POL,2018,21043.0,Poland,5.945208,37920.31,554.9268980132283
980,POL,2019,22056.0,Poland,4.450036,37875.97,582.3217200774
981,POL,2020,12487.0,Poland,-2.020116,37829.89,330.0829053428387
982,POL,2021,15844.0,Poland,6.847761,37773.18,419.45104966010274
983,PRT,1971,3569.0,Portugal,6.631652,8643.751,412.8994460853859
984,PRT,1972,3761.0,Portugal,8.015696,8630.43,435.78361680704205
985,PRT,1973,4106.0,Portugal,11.200671,8633.1,475.6113099581842
986,PRT,1974,4552.0,Portugal,1.14286,8754.365,519.9691810885198
987,PRT,1975,4856.0,Portugal,-4.347631,9093.47,534.0095695042706
988,PRT,1976,5235.0,Portugal,6.900231,9355.81,559.5453520325873
989,PRT,1977,5235.0,Portugal,5.602597,9455.675,553.6357795715271
990,PRT,1978,5514.0,Portugal,2.815966,9558.25,576.8838437998588
991,PRT,1979,5635.0,Portugal,5.638937,9661.265,583.2569544464416
992,PRT,1980,6076.0,Portugal,4.58934,9766.308,622.1388881038772
993,PRT,1981,5856.0,Portugal,1.618103,9851.358,594.4358128087518
994,PRT,1982,5414.0,Portugal,2.135375,9911.765,546.2195683614372
995,PRT,1983,5195.0,Portugal,-0.173113,9957.861,521.698384823809
996,PRT,1984,5456.0,Portugal,-1.87998,9996.227,545.8059325783618
997,PRT,1985,5725.0,Portugal,2.80744,10023.61,571.1515112818635
998,PRT,1986,5803.0,Portugal,4.140956,10032.73,578.4068743004148
999,PRT,1987,5907.0,Portugal,6.381394,10030.03,588.9314388890162
1000,PRT,1988,6036.0,Portugal,7.489108,10019.61,602.4186570135964
1001,PRT,1989,5908.0,Portugal,6.440639,10005.0,590.5047476261869
1002,PRT,1990,5664.0,Portugal,3.950523,9983.214,567.3523576675808
1003,PRT,1991,5688.0,Portugal,4.368206,9960.231,571.0710926282734
1004,PRT,1992,5694.0,Portugal,1.089476,9952.49,572.118133251076
1005,PRT,1993,5397.0,Portugal,-2.043277,9964.669,541.6135749215554
1006,PRT,1994,5149.0,Portugal,0.964838,9991.52,515.3370057809021
1007,PRT,1995,4869.0,Portugal,4.28278,10026.17,485.6291086227343
1008,PRT,1996,4503.0,Portugal,3.504247,10063.94,447.4390745572808
1009,PRT,1997,4563.0,Portugal,4.400867,10108.97,451.38129799574045
1010,PRT,1998,4602.0,Portugal,4.807963,10160.19,452.9442854907241
1011,PRT,1999,4380.0,Portugal,3.906577,10217.82,428.66286546445326
1012,PRT,2000,3834.0,Portugal,3.816178,10289.89,372.5987352634479
1013,PRT,2001,3899.0,Portugal,1.943672,10362.72,376.25256689363414
1014,PRT,2002,3926.0,Portugal,0.770924,10419.62,376.7891727337465
1015,PRT,2003,3585.0,Portugal,-0.930521,10458.82,342.77289407409245
1016,PRT,2004,3633.0,Portugal,1.788736,10483.86,346.5326702187935
1017,PRT,2005,3753.0,Portugal,0.781848,10503.33,357.31525144882625
1018,PRT,2006,3876.0,Portugal,1.625034,10522.28,368.3612296954652
1019,PRT,2007,3987.0,Portugal,2.50658,10542.96,378.1670422727583
1020,PRT,2008,4213.0,Portugal,0.319248,10558.17,399.0274829823729
1021,PRT,2009,4152.0,Portugal,-3.12208,10568.24,392.87525642869576
1022,PRT,2010,4111.0,Portugal,1.737625,10573.1,388.8169032734014
1023,PRT,2011,4143.0,Portugal,-1.696165,10557.56,392.42021830801815
1024,PRT,2012,3803.0,Portugal,-4.057294,10514.84,361.6793027758863
1025,PRT,2013,3649.0,Portugal,-0.922644,10457.29,348.94317743889667
1026,PRT,2014,3852.0,Portugal,0.79219,10418.63,369.7223147381182
1027,PRT,2015,3957.0,Portugal,1.792046,10377.91,381.2906452262546
1028,PRT,2016,4146.0,Portugal,2.019486,10339.87,400.972159224439
1029,PRT,2017,4391.0,Portugal,3.506345,10303.23,426.17703380396244
1030,PRT,2018,4487.0,Portugal,2.849326,10267.47,437.01125983324033
1031,PRT,2019,4964.014,Portugal,2.68276,10232.17,485.13795216459465
1032,PRT,2020,2552.0,Portugal,-8.300516,10197.22,250.26428771763287
1033,PRT,2021,2912.0,Portugal,5.482392,10162.51,286.5433834751454
1034,SVK,1993,4569.0,Slovak Republic,1.901327,5325.302,857.9795098944624
1035,SVK,1994,4548.0,Slovak Republic,6.20553,5346.326,850.6776429271242
1036,SVK,1995,4202.0,Slovak Republic,5.843495,5361.994,783.6636892917076
1037,SVK,1996,3769.0,Slovak Republic,6.619898,5373.355,701.4239706849817
1038,SVK,1997,3057.0,Slovak Republic,5.925837,5383.286,567.868770115502
1039,SVK,1998,3092.0,Slovak Republic,4.076097,5390.511,573.6005362014844
1040,SVK,1999,2968.0,Slovak Republic,-0.105915,5396.013,550.0357393505167
1041,SVK,2000,2870.0,Slovak Republic,1.166527,5388.715,532.5945053690908
1042,SVK,2001,2805.0,Slovak Republic,3.253784,5378.863,521.4856745747196
1043,SVK,2002,2682.0,Slovak Republic,4.509444,5376.907,498.7997746659929
1044,SVK,2003,2316.0,Slovak Republic,5.499083,5373.368,431.0145889877634
1045,SVK,2004,2228.0,Slovak Republic,5.278881,5372.276,414.72180505990383
1046,SVK,2005,2182.0,Slovak Republic,6.623461,5372.801,406.11963852746453
1047,SVK,2006,2213.0,Slovak Republic,8.493177,5373.049,411.87042962012816
1048,SVK,2007,2165.0,Slovak Republic,10.832029,5374.618,402.81932595023494
1049,SVK,2008,2296.0,Slovak Republic,5.574886,5379.227,426.827125904893
1050,SVK,2009,2264.0,Slovak Republic,-5.455533,5386.401,420.3177594835587
1051,SVK,2010,2309.0,Slovak Republic,6.716633,5391.423,428.27283260838556
1052,SVK,2011,2431.0,Slovak Republic,2.671453,5398.379,450.32036468725147
1053,SVK,2012,2459.0,Slovak Republic,1.318802,5407.574,454.7325658419099
1054,SVK,2013,2485.0,Slovak Republic,0.63274,5415.949,458.8300222177129
1055,SVK,2014,2583.0,Slovak Republic,2.69719,5415.963,476.92349449211525
1056,SVK,2015,3411.0,Slovak Republic,5.167182,5416.851,629.70164769162
1057,SVK,2016,3595.0,Slovak Republic,1.943951,5417.626,663.5747834937296
1058,SVK,2017,3873.0,Slovak Republic,2.938069,5418.287,714.801559976428
1059,SVK,2018,3915.0,Slovak Republic,4.03039,5418.194,722.5654895339666
1060,SVK,2019,4093.0,Slovak Republic,2.519693,5416.997,755.5846901890475
1061,SVK,2020,2180.0,Slovak Republic,-3.374682,5414.527,402.6205797847162
1062,SVK,2021,2052.0,Slovak Republic,3.014303,5410.962,379.23016276957776
1063,ESP,1971,15118.0,Spain,4.649473,34191.67,442.15447797665337
1064,ESP,1972,16034.0,Spain,8.149746,34502.7,464.71725401200484
1065,ESP,1973,17250.0,Spain,7.788465,34817.07,495.446630058187
1066,ESP,1974,17673.0,Spain,5.618786,35154.33,502.7261222159546
1067,ESP,1975,17643.0,Spain,0.542203,35530.72,496.55621951933426
1068,ESP,1976,18183.0,Spain,3.303792,35939.43,505.93456824440455
1069,ESP,1977,18643.0,Spain,2.838574,36370.05,512.5920915698493
1070,ESP,1978,18092.0,Spain,1.463003,36872.5,490.66377381517395
1071,ESP,1979,17151.0,Spain,0.041547,37201.12,461.03450648797667
1072,ESP,1980,14825.0,Spain,2.208728,37439.03,395.9771393649889
1073,ESP,1981,15511.0,Spain,-0.132469,37764.46,410.7300885541591
1074,ESP,1982,15923.0,Spain,1.246462,37987.11,419.1685021577056
1075,ESP,1983,16237.0,Spain,1.770116,38160.26,425.49500448896316
1076,ESP,1984,16664.0,Spain,1.784688,38325.24,434.8048440140231
1077,ESP,1985,17231.0,Spain,2.321436,38467.02,447.9421592834589
1078,ESP,1986,16866.0,Spain,3.253322,38571.94,437.26086891144183
1079,ESP,1987,16601.0,Spain,5.547123,38682.32,429.16247008969475
1080,ESP,1988,16959.0,Spain,5.094324,38764.31,437.4900520607744
1081,ESP,1989,15999.0,Spain,4.82703,38821.38,412.11827091154413
1082,ESP,1990,16733.0,Spain,3.781393,38860.83,430.5878181191704
1083,ESP,1991,16357.0,Spain,2.546001,38941.62,420.0390225162692
1084,ESP,1992,17422.0,Spain,0.929215,39147.94,445.0298023344268
1085,ESP,1993,16486.0,Spain,-1.031492,39356.08,418.8933450689195
1086,ESP,1994,16139.0,Spain,2.383195,39547.35,408.09308335451044
1087,ESP,1995,16594.0,Spain,2.757494,39718.89,417.7860962378354
1088,ESP,1996,16800.0,Spain,2.660562,39884.25,421.21890219823615
1089,ESP,1997,17878.0,Spain,3.702495,40049.97,446.39234436380355
1090,ESP,1998,18869.0,Spain,4.393101,40214.07,469.21388459312874
1091,ESP,1999,19655.0,Spain,4.490553,40369.67,486.8754190955735
1092,ESP,2000,20144.0,Spain,5.245944,40554.39,496.7156453345741
1093,ESP,2001,20828.0,Spain,3.933003,40766.05,510.9153327339784
1094,ESP,2002,21211.0,Spain,2.730948,41423.52,512.0520902134825
1095,ESP,2003,21127.0,Spain,2.981936,42196.23,500.68453982737316
1096,ESP,2004,20386.0,Spain,3.122734,42859.17,475.6508350488355
1097,ESP,2005,21624.0,Spain,3.652084,43662.61,495.2521161698762
1098,ESP,2006,22105.0,Spain,4.102686,44360.52,498.30344639783306
1099,ESP,2007,21857.0,Spain,3.604738,45236.0,483.1771155716686
1100,ESP,2008,23969.0,Spain,0.887067,45983.17,521.2559290714407
1101,ESP,2009,23137.0,Spain,-3.763107,46367.55,498.9912126045047
1102,ESP,2010,22456.0,Spain,0.16292,46562.48,482.27671721952953
1103,ESP,2011,22795.0,Spain,-0.814385,46736.26,487.73693059735626
1104,ESP,2012,22476.0,Spain,-2.958922,46766.4,480.60145745663556
1105,ESP,2013,23788.0,Spain,-1.403342,46593.23,510.54627464118715
1106,ESP,2014,25072.0,Spain,1.395775,46464.05,539.5999702996187
1107,ESP,2015,26142.0,Spain,3.838519,46403.02,563.3685048947245
1108,ESP,2016,26670.0,Spain,3.037774,46336.29,575.5747816668102
1109,ESP,2017,27487.0,Spain,2.975761,46270.6,594.0489209130636
1110,ESP,2018,28434.0,Spain,2.284469,46204.93,615.3888773340854
1111,ESP,2019,28835.0,Spain,1.983966,46138.66,624.9639673107108
1112,ESP,2020,11998.51,Spain,-11.325438,46071.46,260.43259753435206
1113,ESP,2021,17002.0,Spain,5.519595,46003.27,369.58242316252733
1114,SWE,1970,4600.0,Sweden,6.473674,8042.795,571.9404759166434
1115,SWE,1971,4000.0,Sweden,0.944646,8098.329,493.9290562287603
1116,SWE,1972,4500.0,Sweden,2.288739,8122.296,554.0305352082712
1117,SWE,1973,4600.0,Sweden,3.967981,8136.308,565.3669944648112
1118,SWE,1974,5500.0,Sweden,3.198196,8159.95,674.0237378905508
1119,SWE,1975,5615.0,Sweden,2.552863,8192.431,685.3887448060289
1120,SWE,1976,5617.0,Sweden,1.058105,8222.282,683.143682009447
1121,SWE,1977,5563.0,Sweden,-1.596259,8251.537,674.1774290050448
1122,SWE,1978,5557.0,Sweden,1.751548,8275.595,671.4925029559809
1123,SWE,1979,6224.0,Sweden,3.840004,8293.671,750.4517601433672
1124,SWE,1980,6998.0,Sweden,1.699971,8310.527,842.0645285190699
1125,SWE,1981,7062.0,Sweden,0.45483,8320.498,848.7472745020791
1126,SWE,1982,6695.0,Sweden,1.248665,8325.258,804.179281891324
1127,SWE,1983,6776.0,Sweden,1.900639,8329.027,813.5404051397601
1128,SWE,1984,6797.0,Sweden,4.229535,8336.599,815.3204922055145
1129,SWE,1985,6911.0,Sweden,2.160374,8350.382,827.6268079711803
1130,SWE,1986,6571.0,Sweden,2.691323,8369.825,785.0821253729916
1131,SWE,1987,6433.0,Sweden,3.353843,8397.797,766.0342349308992
1132,SWE,1988,6669.0,Sweden,2.559039,8436.483,790.495281031207
1133,SWE,1989,6647.0,Sweden,2.654807,8492.959,782.6483090286907
1134,SWE,1990,6600.0,Sweden,0.754675,8558.829,771.1335277290854
1135,SWE,1991,5985.0,Sweden,-1.145975,8617.371,694.5273680337077
1136,SWE,1992,5963.0,Sweden,-1.158593,8668.063,687.927625814441
1137,SWE,1993,6422.0,Sweden,-2.065616,8718.556,736.5898664870651
1138,SWE,1994,6507.0,Sweden,3.929973,8780.74,741.0537152905108
1139,SWE,1995,6833.0,Sweden,3.935193,8826.934,774.1079745243366
1140,SWE,1996,6953.0,Sweden,1.579456,8840.993,786.4501193474534
1141,SWE,1997,7022.0,Sweden,3.070527,8846.058,793.7999049972316
1142,SWE,1998,7210.0,Sweden,4.311836,8850.969,814.60007373204
1143,SWE,1999,7701.0,Sweden,4.247184,8857.87,869.3963672982331
1144,SWE,2000,8243.0,Sweden,4.766349,8872.105,929.0917995222103
1145,SWE,2001,8732.0,Sweden,1.449499,8895.957,981.5694927482225
1146,SWE,2002,8874.0,Sweden,2.196921,8924.954,994.2908389219708
1147,SWE,2003,8834.0,Sweden,2.309811,8958.224,986.1329656414039
1148,SWE,2004,8658.0,Sweden,4.336856,8993.528,962.6922827170828
1149,SWE,2005,8936.0,Sweden,2.858803,9029.567,989.6377090950208
1150,SWE,2006,9617.0,Sweden,4.662774,9080.499,1059.0827662664794
1151,SWE,2007,10261.0,Sweden,3.439222,9148.087,1121.6552706593193
1152,SWE,2008,11146.0,Sweden,-0.450559,9219.632,1208.941962108683
1153,SWE,2009,11321.0,Sweden,-4.339791,9298.511,1217.506759953287
1154,SWE,2010,11155.0,Sweden,5.952107,9378.122,1189.4705571115412
1155,SWE,2011,11378.0,Sweden,3.195333,9449.209,1204.121953488382
1156,SWE,2012,11792.0,Sweden,-0.588305,9519.369,1238.7375675845742
1157,SWE,2013,11842.0,Sweden,1.187776,9610.0,1232.258064516129
1158,SWE,2014,12121.0,Sweden,2.657798,9698.0,1249.8453289338008
1159,SWE,2015,12650.0,Sweden,4.489282,9799.0,1290.9480559240737
1160,SWE,2016,12800.0,Sweden,2.070593,9906.0,1292.146174035938
1161,SWE,2017,13331.0,Sweden,2.567925,10006.0,1332.300619628223
1162,SWE,2018,13546.798247255,Sweden,1.950023,10099.0,1341.3999650712942
1163,SWE,2019,14617.207234121,Sweden,1.986196,10178.0,1436.1571265593436
1164,SWE,2020,8129.0,Sweden,-2.170213,10256.0,792.6092043681747
1165,SWE,2021,8008.0,Sweden,5.075085,10325.0,775.5932203389831
1166,CHE,1971,9435.0,Switzerland,4.075443,6213.405,1518.4910689066623
1167,CHE,1972,9502.0,Switzerland,3.200509,6260.956,1517.659603421586
1168,CHE,1973,9639.0,Switzerland,3.049908,6307.348,1528.2175646563342
1169,CHE,1974,9538.0,Switzerland,1.454908,6341.406,1504.0828485039438
1170,CHE,1975,9223.0,Switzerland,-7.283175,6338.632,1455.0458206123972
1171,CHE,1976,9357.0,Switzerland,-1.403676,6302.505,1484.6477710053382
1172,CHE,1977,9240.0,Switzerland,2.433652,6281.175,1471.0623410428782
1173,CHE,1978,9308.0,Switzerland,0.409084,6281.737,1481.755762777079
1174,CHE,1979,9520.0,Switzerland,2.491512,6294.364,1512.4641663558066
1175,CHE,1980,9964.0,Switzerland,4.601977,6319.409,1576.7297226686862
1176,CHE,1981,9885.0,Switzerland,1.601336,6354.073,1555.6950636229706
1177,CHE,1982,9726.0,Switzerland,-1.309417,6391.309,1521.7539943695417
1178,CHE,1983,9736.0,Switzerland,0.639079,6418.774,1516.8005603562299
1179,CHE,1984,9780.0,Switzerland,3.008456,6441.865,1518.1938770837328
1180,CHE,1985,10163.0,Switzerland,3.673596,6470.366,1570.6994009303337
1181,CHE,1986,10095.0,Switzerland,1.858633,6504.125,1552.091941652413
1182,CHE,1987,11695.0,Switzerland,1.585478,6545.107,1786.8309868730946
1183,CHE,1988,11998.0,Switzerland,3.277596,6593.387,1819.7020742146638
1184,CHE,1989,12283.0,Switzerland,4.330794,6646.912,1847.925773652487
1185,CHE,1990,12678.0,Switzerland,3.674626,6712.273,1888.778957590074
1186,CHE,1991,13834.0,Switzerland,-0.915817,6799.979,2034.4180474674997
1187,CHE,1992,13209.0,Switzerland,-0.043733,6875.364,1921.2073717115195
1188,CHE,1993,13384.0,Switzerland,-0.125984,6938.265,1929.0125124941178
1189,CHE,1994,13836.0,Switzerland,1.269758,6993.795,1978.3250724392121
1190,CHE,1995,11713.0,Switzerland,0.480866,7040.687,1663.6160647391368
1191,CHE,1996,11890.0,Switzerland,0.49391,7071.851,1681.313704149027
1192,CHE,1997,12051.0,Switzerland,2.269168,7088.906,1699.9802226182715
1193,CHE,1998,12148.0,Switzerland,3.065331,7110.002,1708.5789849285554
1194,CHE,1999,12501.0,Switzerland,1.745534,7143.991,1749.8622268701067
1195,CHE,2000,12620.0,Switzerland,3.976409,7184.25,1756.62038486968
1196,CHE,2001,13301.0,Switzerland,1.575817,7226.647,1840.5492893177154
1197,CHE,2002,14147.0,Switzerland,-0.005507,7284.754,1942.001061394798
1198,CHE,2003,14509.0,Switzerland,-0.046846,7339.002,1976.9718007979832
1199,CHE,2004,14914.0,Switzerland,2.821528,7389.626,2018.2347523406463
1200,CHE,2005,16144.0,Switzerland,2.882638,7437.116,2170.73392427925
1201,CHE,2006,16578.0,Switzerland,4.015008,7483.935,2215.1448402478104
1202,CHE,2007,17434.0,Switzerland,3.995722,7551.117,2308.7974931390945
1203,CHE,2008,17776.0,Switzerland,2.755511,7647.676,2324.366251917576
1204,CHE,2009,18571.0,Switzerland,-2.079633,7743.832,2398.166695765094
1205,CHE,2010,19177.0,Switzerland,3.268102,7827.97,2449.8049941427985
1206,CHE,2011,19471.0,Switzerland,1.920446,7912.398,2460.8216118552177
1207,CHE,2012,19262.0,Switzerland,1.217194,7955.211,2421.3059842158805
1208,CHE,2013,19447.0,Switzerland,1.821668,8017.946,2425.434144854555
1209,CHE,2014,20010.0,Switzerland,2.446845,8074.925,2478.04159171757
1210,CHE,2015,20389.0,Switzerland,1.657769,8128.709,2508.270378481995
1211,CHE,2016,20812.0,Switzerland,2.045187,8181.265,2543.860882149643
1212,CHE,2017,20864.5,Switzerland,1.58482,8233.737,2534.0255585039945
1213,CHE,2018,20613.0,Switzerland,2.916905,8284.889,2488.0236778066674
1214,CHE,2019,21737.0,Switzerland,1.210992,8333.281,2608.4563811060734
1215,CHE,2020,13334.0,Switzerland,-2.392826,8379.4,1591.2833854452585
1216,CHE,2021,14308.0,Switzerland,3.692153,8423.427,1698.5960702217756
1217,TUR,1971,5738.0,Trkiye,5.567896,36215.0,158.44263426756868
1218,TUR,1972,5337.0,Trkiye,7.426006,37133.0,143.7266043680823
1219,TUR,1973,5215.0,Trkiye,3.261778,38073.0,136.9737084022798
1220,TUR,1974,5753.0,Trkiye,5.594193,39037.0,147.3730050977278
1221,TUR,1975,4736.0,Trkiye,7.173137,40026.0,118.32308999150553
1222,TUR,1976,4615.0,Trkiye,10.463037,40916.0,112.79206178512074
1223,TUR,1977,5087.0,Trkiye,3.404815,41769.0,121.78888649476885
1224,TUR,1978,5600.0,Trkiye,1.50451,42641.0,131.32900260312846
1225,TUR,1979,6799.0,Trkiye,-0.624494,43531.0,156.1875445085112
1226,TUR,1980,6011.0,Trkiye,-2.445789,44439.0,135.26406984855646
1227,TUR,1981,6105.0,Trkiye,4.85516,45540.0,134.05797101449275
1228,TUR,1982,5440.0,Trkiye,3.562828,46688.0,116.51816312542837
1229,TUR,1983,5722.0,Trkiye,4.969058,47864.0,119.54704997492897
1230,TUR,1984,6277.0,Trkiye,6.711784,49070.0,127.91929896066844
1231,TUR,1985,6489.0,Trkiye,4.241582,50307.0,128.9880135965174
1232,TUR,1986,6052.0,Trkiye,7.015288,51480.0,117.56021756021755
1233,TUR,1987,6174.0,Trkiye,9.484278,52370.0,117.89192285659729
1234,TUR,1988,6708.0,Trkiye,2.120352,53268.0,125.9292633476008
1235,TUR,1989,6844.0,Trkiye,0.251641,54192.0,126.29170357248302
1236,TUR,1990,6410.0,Trkiye,9.255308,55120.0,116.29172714078375
1237,TUR,1991,6048.0,Trkiye,0.926516,56055.0,107.8940326465079
1238,TUR,1992,6259.0,Trkiye,5.984283,56986.0,109.83399431439301
1239,TUR,1993,7147.0,Trkiye,8.04202,57913.0,123.4092518087476
1240,TUR,1994,6335.0,Trkiye,-5.455663,58837.0,107.67034349134047
1241,TUR,1995,5797.0,Trkiye,7.191219,59756.0,97.0111787937613
1242,TUR,1996,5229.0,Trkiye,7.005319,60671.0,86.18615153862636
1243,TUR,1997,5840.0,Trkiye,7.528801,61582.0,94.83290571920367
1244,TUR,1998,6160.0,Trkiye,3.091863,62464.0,98.61680327868852
1245,TUR,1999,6146.0,Trkiye,-3.263168,63364.0,96.99513919575784
1246,TUR,2000,5832.0,Trkiye,6.93324,64268.75,90.74394631916755
1247,TUR,2001,5568.0,Trkiye,-5.750006,65166.33,85.44289666151217
1248,TUR,2002,5204.0,Trkiye,6.447722,66002.51,78.84548633074712
1249,TUR,2003,5878.0,Trkiye,5.763206,66794.55,88.00119171399463
1250,TUR,2004,5163.0,Trkiye,9.795936,67598.73,76.37717454159272
1251,TUR,2005,5036.0,Trkiye,8.992305,68435.38,73.58766766546778
1252,TUR,2006,5277.0,Trkiye,6.947988,69295.25,76.15240582868235
1253,TUR,2007,5553.0,Trkiye,5.043508,70158.11,79.14979465666906
1254,TUR,2008,5097.0,Trkiye,0.815024,71051.68,71.73651629349229
1255,TUR,2009,5374.0,Trkiye,-4.823154,72039.2,74.59827427289586
1256,TUR,2010,5584.0,Trkiye,8.427104,73142.15,76.34448809612515
1257,TUR,2011,7122.0,Trkiye,11.200111,74223.63,95.95326986836942
1258,TUR,2012,6361.0,Trkiye,4.788493,75175.83,84.61496201638212
1259,TUR,2013,6225.0,Trkiye,8.485817,76054.62,81.849071101795
1260,TUR,2014,7401.0,Trkiye,4.939715,76902.87,96.23828083399229
1261,TUR,2015,8326.0,Trkiye,6.084487,77737.82,107.10359513554663
1262,TUR,2016,7829.0,Trkiye,3.323084,78558.7,99.65796277178721
1263,TUR,2017,8465.0,Trkiye,7.501998,79365.83,106.65799122871896
1264,TUR,2018,8938.0,Trkiye,2.979885,80158.64,111.50388779051141
1265,TUR,2019,14259.0,Trkiye,0.78361,80936.41,176.17534555832165
1266,TUR,2020,8297.0,Trkiye,1.940032,81699.17,101.55549927863404
1267,TUR,2021,10683.0,Trkiye,11.353496,82446.52,129.57490504147415
1268,GBR,1970,36000.0,United Kingdom,2.708581,55633.0,647.0979454640232
1269,GBR,1971,35000.0,United Kingdom,3.504717,55927.0,625.8157955906808
1270,GBR,1972,34000.0,United Kingdom,4.321668,56096.0,606.1038220193954
1271,GBR,1973,35000.0,United Kingdom,6.523848,56223.0,622.5210323177348
1272,GBR,1974,36000.0,United Kingdom,-2.484404,56235.0,640.1707121899173
1273,GBR,1975,36000.0,United Kingdom,-1.47365,56226.0,640.2731832248427
1274,GBR,1976,33000.0,United Kingdom,2.910266,56215.0,587.031930979276
1275,GBR,1977,34000.0,United Kingdom,2.45775,56190.0,605.089873642997
1276,GBR,1978,35000.0,United Kingdom,4.204261,56176.0,623.0418684135574
1277,GBR,1979,35000.0,United Kingdom,3.749017,56242.0,622.3107286369617
1278,GBR,1980,35000.0,United Kingdom,-2.031368,56331.0,621.3275106069482
1279,GBR,1981,34000.0,United Kingdom,-0.787744,56357.0,603.2968397892009
1280,GBR,1982,31000.0,United Kingdom,1.994891,56293.0,550.6901390936706
1281,GBR,1983,34000.0,United Kingdom,4.221856,56315.0,603.7467814969369
1282,GBR,1984,35000.0,United Kingdom,2.269105,56409.0,620.46836497722
1283,GBR,1985,36000.0,United Kingdom,4.147415,56554.0,636.5597482052551
1284,GBR,1986,37400.0,United Kingdom,3.150341,56683.0,659.8098195226082
1285,GBR,1987,39000.0,United Kingdom,5.392738,56804.0,686.571368213506
1286,GBR,1988,41000.0,United Kingdom,5.732414,56918.0,720.334516321726
1287,GBR,1989,40000.0,United Kingdom,2.577603,57076.0,700.8199593524423
1288,GBR,1990,40100.0,United Kingdom,0.733755,57238.0,700.5835284251721
1289,GBR,1991,39100.0,United Kingdom,-1.103122,57437.0,680.7458606821386
1290,GBR,1992,38300.0,United Kingdom,0.401082,57584.0,665.11530980828
1291,GBR,1993,37000.0,United Kingdom,2.489831,57713.0,641.1033909171243
1292,GBR,1994,35700.0,United Kingdom,3.846009,57860.0,617.0065675769098
1293,GBR,1995,37200.0,United Kingdom,2.377278,58024.0,641.1140217840893
1294,GBR,1996,39200.0,United Kingdom,1.907716,58165.0,673.9448121722686
1295,GBR,1997,42200.0,United Kingdom,4.524067,58315.0,723.6560061733688
1296,GBR,1998,44100.0,United Kingdom,3.157287,58476.0,754.1555509952801
1297,GBR,1999,46800.0,United Kingdom,3.01407,58685.0,797.4780608332624
1298,GBR,2000,46506.213654,United Kingdom,4.092653,58888.0,789.7400769936149
1299,GBR,2001,47471.882913,United Kingdom,2.157428,59115.0,803.0429317939609
1300,GBR,2002,47992.683913,United Kingdom,1.770765,58569.63,819.4124482773751
1301,GBR,2003,49224.35476,United Kingdom,3.123053,58838.95,836.5947176147773
1302,GBR,2004,50018.278,United Kingdom,2.344971,59149.12,845.6301294085187
1303,GBR,2005,51361.639,United Kingdom,2.668338,59591.04,861.9020409779725
1304,GBR,2006,53900.416,United Kingdom,2.160405,60002.57,898.301789406687
1305,GBR,2007,57405.335,United Kingdom,2.563461,60481.82,949.1337231584631
1306,GBR,2008,60221.458,United Kingdom,-0.154344,60982.38,987.5222646279137
1307,GBR,2009,60335.555,United Kingdom,-4.510486,61423.72,982.2842869171714
1308,GBR,2010,63047.61,United Kingdom,2.430073,61914.64,1018.298903135026
1309,GBR,2011,66099.044,United Kingdom,1.067611,62435.2,1058.6823458561835
1310,GBR,2012,69014.878,United Kingdom,1.448457,62858.8,1097.9350226221309
1311,GBR,2013,70703.517,United Kingdom,1.819863,63237.94,1118.0553477864712
1312,GBR,2014,73714.966,United Kingdom,3.199703,63650.01,1158.12968450437
1313,GBR,2015,76060.135,United Kingdom,2.393103,64531.75,1178.646712664696
1314,GBR,2016,78228.912,United Kingdom,2.165206,64975.41,1203.9771969118779
1315,GBR,2017,79496.193,United Kingdom,2.44357,65421.08,1215.1464482090482
1316,GBR,2018,80980.168,United Kingdom,1.705021,65867.23,1229.4454769086237
1317,GBR,2019,82550.430261516,United Kingdom,1.604309,66312.23,1244.8748935379795
1318,GBR,2020,24188.466688403,United Kingdom,-11.030858,66754.05,362.3520473799417
1319,USA,1979,18770.035430843,United States,3.166145,225055.5,83.40180724684801
1320,USA,1980,22079.197517351,United States,-0.25675,227224.7,97.16900283002244
1321,USA,1981,21865.609594934,United States,2.537719,229465.7,95.28922882563278
1322,USA,1982,22746.357703048,United States,-1.802887,231664.5,98.18663499607408
1323,USA,1983,23490.391327033,United States,4.583913,233792.0,100.47559936624435
1324,USA,1984,23910.674990425,United States,7.236633,235824.9,101.39164689744382
1325,USA,1985,25977.28144892,United States,4.169656,237923.8,109.18319835560797
1326,USA,1986,25198.095303748,United States,3.462646,240132.9,104.93395658715653
1327,USA,1987,24409.622511445,United States,3.459252,242288.9,100.74593805760395
1328,USA,1988,25044.071809908,United States,4.177061,244499.0,102.43016049107767
1329,USA,1989,24776.56200888,United States,3.672648,246819.2,100.38344670463236
1330,USA,1990,21992.139519369,United States,1.885965,249622.8,88.10148559894769
1331,USA,1991,22537.137660948,United States,-0.108265,252980.9,89.08632098687292
1332,USA,1992,22151.49330055,United States,3.522441,256514.2,86.35581695106937
1333,USA,1993,22171.189669086,United States,2.751781,259918.6,85.30051204140835
1334,USA,1994,22604.639868202,United States,4.028793,263125.8,85.9081088521232
1335,USA,1995,22079.197517351,United States,2.684217,266278.4,82.91771888876829
1336,USA,1996,21865.609594934,United States,3.772566,269394.3,81.1658212327952
1337,USA,1997,22746.357703048,United States,4.447175,272646.9,83.42789777931824
1338,USA,1998,23490.391327033,United States,4.481394,275854.1,85.15512847926857
1339,USA,1999,23910.674990425,United States,4.7945,279040.2,85.688997464971
1340,USA,2000,25977.28144892,United States,4.077155,282162.4,92.06500032931389
1341,USA,2001,25198.095303748,United States,0.954344,284969.0,88.423987534602
1342,USA,2002,24409.622511445,United States,1.695943,287625.2,84.86607749058496
1343,USA,2003,25044.071809908,United States,2.796204,290107.9,86.32674880590291
1344,USA,2004,24776.56200888,United States,3.852557,292805.3,84.61787409203316
1345,USA,2005,25393.591629483,United States,3.483219,295516.6,85.92949306226113
1346,USA,2006,27296.432407703,United States,2.78281,298379.9,91.4821420869938
1347,USA,2007,30357.906712861,United States,2.010506,301231.2,100.77942362166004
1348,USA,2008,32143.406016433,United States,0.122191,304094.0,105.70220397782593
1349,USA,2009,30906.931637514,United States,-2.599891,306771.5,100.74903189349075
1350,USA,2010,31871.671919151,United States,2.70886,309347.1,103.02883692509481
1351,USA,2011,32579.510200833,United States,1.549895,311721.6,104.51476638395606
1352,USA,2012,34125.70065511,United States,2.280686,314112.1,108.64178952389926
1353,USA,2013,36047.104941171,United States,1.841876,316497.5,113.89380624229575
1354,USA,2014,36393.106488533,United States,2.287773,318857.1,114.1361019984595
1355,USA,2015,36043.875681391,United States,2.70637,321362.8,112.15945243628386
1356,USA,2016,35892.157355569,United States,1.667476,323848.7,110.83001832512835
1357,USA,2017,33256.0,United States,2.241917,326347.8,101.90355197736892
1358,USA,2018,31963.0,United States,2.945385,328857.4,97.19410297594034
1359,USA,2019,32483.0,United States,2.294418,331374.6,98.0250145907381
1360,USA,2020,12460.0,United States,-2.76778,333895.6,37.31705359399764
1361,EST,1994,537.0,Estonia,-1.642424,1462.509,367.17722762731717
1362,EST,1995,421.0,Estonia,4.526682,1436.629,293.04712629356635
1363,EST,1996,309.0,Estonia,4.943015,1415.588,218.2838509509829
1364,EST,1997,262.0,Estonia,13.050014,1399.53,187.20570477231644
1365,EST,1998,236.0,Estonia,4.339833,1386.151,170.25562150155358
1366,EST,1999,238.0,Estonia,-0.425028,1380.615,172.3869434998171
1367,EST,2000,263.0,Estonia,10.087637,1379.337,190.67131527683227
1368,EST,2001,182.0,Estonia,6.003674,1373.505,132.50770838111256
1369,EST,2002,178.0,Estonia,6.771367,1367.502,130.16434345251415
1370,EST,2003,181.0,Estonia,7.600265,1361.56,132.93575016892387
1371,EST,2004,192.0,Estonia,6.804004,1356.149,141.5773635492855
1372,EST,2005,247.0,Estonia,9.526429,1351.225,182.79709152805788
1373,EST,2006,256.0,Estonia,9.765583,1346.03,190.18892595261622
1374,EST,2007,272.0,Estonia,7.579142,1342.325,202.63349039912094
1375,EST,2008,274.0,Estonia,-5.132,1340.26,204.43794487636728
1376,EST,2009,249.0,Estonia,-14.629059,1338.493,186.03010998189757
1377,EST,2010,248.0,Estonia,2.444266,1336.883,185.5061362886655
1378,EST,2011,241.0,Estonia,7.263086,1334.944,180.53191744372796
1379,EST,2012,236.0,Estonia,3.228202,1329.297,177.537450246258
1380,EST,2013,225.0,Estonia,1.45843,1320.174,170.43207940771444
1381,EST,2014,282.0,Estonia,3.011363,1315.759,214.32496376616083
1382,EST,2015,289.0,Estonia,1.85302,1311.505,220.35752818327035
1383,EST,2016,316.0,Estonia,3.155566,1306.793,241.81335529039413
1384,EST,2017,367.0,Estonia,5.792042,1301.843,281.9080334571834
1385,EST,2018,417.0,Estonia,3.784205,1296.497,321.63591585634214
1386,EST,2019,392.0,Estonia,3.739705,1290.697,303.71187040800436
1387,EST,2020,263.0,Estonia,-0.551002,1284.459,204.75546514135524
1388,EST,2021,290.0,Estonia,8.013465,1277.772,226.9575479819561
1389,LVA,1996,1182.0,Latvia,2.588015,2457.221,481.03121371663354
1390,LVA,1997,1148.0,Latvia,8.836913,2432.851,471.87435646490474
1391,LVA,1998,1059.0,Latvia,6.335938,2410.019,439.41562286438403
1392,LVA,1999,984.0,Latvia,2.756174,2390.481,411.63263795027024
1393,LVA,2000,715.0,Latvia,5.675741,2367.55,301.99995776224364
1394,LVA,2001,706.0,Latvia,6.323508,2337.17,302.0747314059311
1395,LVA,2002,744.0,Latvia,7.088129,2310.173,322.0538028970125
1396,LVA,2003,762.0,Latvia,8.422862,2287.955,333.0485083841247
1397,LVA,2004,811.0,Latvia,8.284146,2263.122,358.35452087868
1398,LVA,2005,894.0,Latvia,10.720366,2238.799,399.32124322013726
1399,LVA,2006,992.0,Latvia,11.971836,2218.357,447.1777987041761
1400,LVA,2007,983.0,Latvia,9.941922,2200.325,446.7521843364048
1401,LVA,2008,951.0,Latvia,-3.249121,2177.322,436.7750842548782
1402,LVA,2009,756.0,Latvia,-14.26014,2141.669,352.9957243626349
1403,LVA,2010,749.0,Latvia,-4.455567,2097.554,357.08258285603137
1404,LVA,2011,741.0,Latvia,2.573712,2059.709,359.75955826769706
1405,LVA,2012,725.0,Latvia,7.042247,2034.319,356.3846181449419
1406,LVA,2013,729.0,Latvia,2.007967,2050.317,355.55477518842207
1407,LVA,2014,649.0,Latvia,1.902173,2041.111,317.96408916516543
1408,LVA,2015,591.0,Latvia,3.88526,2031.361,290.9379475140066
1409,LVA,2016,584.0,Latvia,2.368615,2020.652,289.0156246597633
1410,LVA,2017,596.0,Latvia,3.312476,2009.279,296.62381381580155
1411,LVA,2018,624.0,Latvia,3.991855,1997.361,312.4122279347599
1412,LVA,2019,643.0,Latvia,2.569704,1985.242,323.8899841933628
1413,LVA,2020,413.0,Latvia,-2.202985,1973.175,209.30733462566675
1414,LVA,2021,360.8,Latvia,4.068074,1961.065,183.98166302493797
1415,LTU,1996,954.0,Lithuania,5.158465,3604.628,264.6597651685555
1416,LTU,1997,842.0,Lithuania,8.31092,3577.186,235.38054772662088
1417,LTU,1998,800.0,Lithuania,7.475764,3549.58,225.37877720744427
1418,LTU,1999,745.0,Lithuania,-1.141572,3523.709,211.42495024418872
1419,LTU,2000,611.0,Lithuania,3.695526,3500.819,174.53058841373976
1420,LTU,2001,533.0,Lithuania,6.526105,3482.206,153.0638911081079
1421,LTU,2002,498.0,Lithuania,6.751419,3467.441,143.62176602283932
1422,LTU,2003,432.0,Lithuania,10.565954,3453.878,125.07679773286723
1423,LTU,2004,443.0,Lithuania,6.569493,3437.699,128.865267145262
1424,LTU,2005,428.0,Lithuania,7.732368,3416.288,125.28217761500203
1425,LTU,2006,431.0,Lithuania,7.414119,3388.681,127.18813013086803
1426,LTU,2007,409.0,Lithuania,11.107482,3356.145,121.86600996083304
1427,LTU,2008,398.0,Lithuania,2.614423,3320.971,119.84446717541346
1428,LTU,2009,357.0,Lithuania,-14.838611,3286.545,108.62471075247714
1429,LTU,2010,373.0,Lithuania,1.651241,3255.324,114.58152859746065
1430,LTU,2011,389.0,Lithuania,6.03901,3228.015,120.50749454386055
1431,LTU,2012,403.0,Lithuania,3.843864,3203.946,125.78239458467776
1432,LTU,2013,391.0,Lithuania,3.550071,3182.513,122.85888541539343
1433,LTU,2014,373.0,Lithuania,3.537012,3162.609,117.94059904338475
1434,LTU,2015,361.0,Lithuania,2.024584,3143.413,114.843324755608
1435,LTU,2016,396.0,Lithuania,2.518826,3124.839,126.72652895077155
1436,LTU,2017,424.0,Lithuania,4.282598,3107.165,136.45879764994777
1437,LTU,2018,468.0,Lithuania,3.99331,3090.264,151.4433718284263
1438,LTU,2019,479.0,Lithuania,4.625102,3074.047,155.8206494565633
1439,LTU,2020,260.0,Lithuania,-0.021763,3058.404,85.01165967609249
1440,LTU,2021,329.0,Lithuania,5.981034,3043.239,108.10849887241851
1441,SVN,1991,814.0,Slovenia,-8.900107,2001.768,406.6405297716818
1442,SVN,1992,547.0,Slovenia,-5.463699,1995.832,274.0711643064146
1443,SVN,1993,566.0,Slovenia,2.843418,1990.623,284.3330957192798
1444,SVN,1994,590.0,Slovenia,5.327488,1988.85,296.65384518691707
1445,SVN,1995,595.0,Slovenia,4.10716,1987.505,299.3703160495194
1446,SVN,1996,613.0,Slovenia,3.203002,1991.169,307.85935297305247
1447,SVN,1997,616.0,Slovenia,5.049794,1986.848,310.0388152490779
1448,SVN,1998,645.0,Slovenia,3.279368,1982.603,325.329881978389
1449,SVN,1999,623.0,Slovenia,5.332667,1985.557,313.7658601591392
1450,SVN,2000,705.0,Slovenia,3.672369,1990.272,354.2229403820181
1451,SVN,2001,715.0,Slovenia,3.216561,1992.035,358.9294364807848
1452,SVN,2002,749.0,Slovenia,3.5056,1995.718,375.30352484669675
1453,SVN,2003,777.0,Slovenia,2.96026,1996.773,389.12785779855795
1454,SVN,2004,764.0,Slovenia,4.359193,1997.004,382.5730944955543
1455,SVN,2005,777.0,Slovenia,3.79797,2001.114,388.2837259646377
1456,SVN,2006,793.0,Slovenia,5.746397,2008.516,394.818861288633
1457,SVN,2007,812.0,Slovenia,6.980162,2019.406,402.09843884785926
1458,SVN,2008,834.0,Slovenia,3.509841,2022.629,412.3346397189005
1459,SVN,2009,840.0,Slovenia,-7.548439,2042.335,411.29393561781
1460,SVN,2010,813.0,Slovenia,1.343748,2049.261,396.7283815970733
1461,SVN,2011,773.0,Slovenia,0.861329,2052.496,376.6146194681987
1462,SVN,2012,742.0,Slovenia,-2.639439,2056.262,360.84895796352794
1463,SVN,2013,760.0,Slovenia,-1.029284,2059.114,369.09078370600173
1464,SVN,2014,697.0,Slovenia,2.768158,2061.623,338.08315099317383
1465,SVN,2015,709.0,Slovenia,2.210082,2066.511,343.090358580235
1466,SVN,2016,680.0,Slovenia,3.191854,2071.741,328.2263564798882
1467,SVN,2017,650.0,Slovenia,4.815379,2076.358,313.0481352445002
1468,SVN,2018,656.0,Slovenia,4.454366,2080.456,315.3154885275151
1469,SVN,2019,698.0,Slovenia,3.451081,2083.99,334.93442866808385
1470,SVN,2020,397.0,Slovenia,-4.32137,2086.779,190.245349411701
1471,SVN,2021,542.0,Slovenia,8.211062,2088.973,259.4576377961802
1472,NZL,2017,544.54,New Zealand,4.3548,4696.6,115.94344845207169
1473,NZL,2018,743.27,New Zealand,4.018963,4738.3,156.8642762172087
1474,NZL,2019,776.56,New Zealand,2.594243,4780.6,162.43986110530057
1475,NZL,2020,802.03456282044,New Zealand,-0.309335,4822.4,166.3144000540063
1476,ISR,1971,371.4,Israel,10.951071,3045.5,121.9504186504679
1477,ISR,1972,387.8,Israel,12.146555,3225.1,120.24433350903848
1478,ISR,1973,354.7,Israel,5.587464,3277.8,108.21282567575813
1479,ISR,1974,322.5,Israel,6.476161,3377.4,95.48765322437377
1480,ISR,1975,307.1,Israel,3.24282,3455.5,88.87281145999133
1481,ISR,1976,295.5,Israel,0.322503,3533.3,83.63286446098547
1482,ISR,1977,245.3,Israel,1.035299,3612.9,67.89559633535387
1483,ISR,1978,220.8,Israel,5.555087,3692.8,59.792027729636054
1484,ISR,1979,228.7,Israel,6.207816,3786.4,60.40038030847242
1485,ISR,1980,264.0,Israel,1.670442,3877.5,68.08510638297874
1486,ISR,1981,245.8,Israel,5.339927,3949.7,62.232574625920954
1487,ISR,1982,220.7,Israel,2.0825,4020.8,54.88957421408674
1488,ISR,1983,212.0,Israel,3.359102,4106.0,51.63175840233804
1489,ISR,1984,214.5,Israel,0.933214,4159.0,51.57489781197403
1490,ISR,1985,204.0,Israel,4.03694,4233.0,48.192771084337345
1491,ISR,1986,178.8,Israel,4.190145,4298.8,41.593002698427476
1492,ISR,1987,172.9,Israel,7.139711,4368.9,39.575179106869
1493,ISR,1988,165.5,Israel,2.910016,4441.5,37.26218619835641
1494,ISR,1989,151.3,Israel,0.574747,4518.2,33.486786773493876
1495,ISR,1990,170.0,Israel,7.315199,4660.2,36.479121067765334
1496,ISR,1991,186.2,Israel,7.726115,4949.0,37.62376237623762
1497,ISR,1992,198.0,Israel,7.759266,5123.6,38.64470294324303
1498,ISR,1993,214.0,Israel,4.116756,5261.4,40.67358497738245
1499,ISR,1994,238.0,Israel,7.427845,5399.4,44.078971737600476
1500,ISR,1995,267.0,Israel,6.602925,5544.8,48.15322464290867
1501,ISR,1996,213.6,Israel,5.92958,5684.9,37.57322028531724
1502,ISR,1997,346.0,Israel,3.79011,5829.1,59.357362199996565
1503,ISR,1998,382.6,Israel,4.11593,5970.7,64.0795886579463
1504,ISR,1999,529.3,Israel,3.33225,6125.3,86.41209410151339
1505,ISR,2000,781.5,Israel,8.6721,6289.1,124.26261309249337
1506,ISR,2001,960.7,Israel,0.33476,6439.2,149.1955522425146
1507,ISR,2002,1116.0,Israel,-0.11562,6569.9,169.86559917198133
1508,ISR,2003,1278.3,Israel,1.39403,6689.9,191.07908937353324
1509,ISR,2004,1422.9,Israel,4.78506,6808.8,208.9795558688756
1510,ISR,2005,1617.8,Israel,4.13377,6930.1,233.44540482821316
1511,ISR,2006,1609.0,Israel,5.58254,7053.5,228.11370241723967
1512,ISR,2007,1834.1,Israel,6.03336,7180.1,255.44212476149355
1513,ISR,2008,1968.5,Israel,3.25157,7308.6,269.3402293188846
1514,ISR,2009,2011.5,Israel,0.88314,7485.4,268.7231143292276
1515,ISR,2010,1986.3,Israel,5.66835,7623.5,260.5496163179642
1516,ISR,2011,1926.9,Israel,5.5609,7765.8,248.12640037085686
1517,ISR,2012,2133.4,Israel,2.58786,7910.4,269.6955906148867
1518,ISR,2013,2376.2,Israel,4.4155,8061.456,294.7606486967118
1519,ISR,2014,2485.2,Israel,3.91932,8186.22,303.58333883037585
1520,ISR,2015,2608.1,Israel,2.48592,8316.66,313.59944977911806
1521,ISR,2016,2644.7,Israel,4.521665,8448.06,313.05412130122176
1522,ISR,2017,2765.2,Israel,4.27643,8580.41,322.26898248452
1523,ISR,2018,3031.76,Israel,4.0704,8713.71,347.92987143248973
1524,ISR,2019,3579.9,Israel,4.15609,8848.02,404.5989950293964
1525,ISR,2020,1252.9,Israel,-1.85715,8983.13,139.4725446475783
1526,ISR,2021,1956.0,Israel,8.61207,9119.25,214.49132329961347
1527,CHL,2010,696.35048,Chile,5.851655,17094.28,40.73587656221847
1528,CHL,2011,851.582112,Chile,6.223898,17248.45,49.371515237601066
1529,CHL,2012,933.999552,Chile,6.15534,17402.63,53.670022979285314
1530,CHL,2013,861.780415,Chile,3.308509,17556.81,49.08525039571539
1531,CHL,2014,662.561655,Chile,1.792647,17711.0,37.409612952402455
1532,CHL,2015,584.365975,Chile,2.151942,17865.19,32.709754276332916
1533,CHL,2016,582.860352,Chile,1.753039,18001.96,32.377605105221875
1534,CHL,2017,595.783014,Chile,1.357698,18138.75,32.84586942319619
1535,CHL,2018,676.511127,Chile,3.990028,18275.53,37.01731916940302
1536,CHL,2019,721.461235,Chile,0.770539,18412.32,39.18361374340659
1537,CHL,2020,351.91732,Chile,-5.978228,18549.1,18.972204581354355
